ID,Hierarchy,Object,ShortName,Link
GewB_ID160920152711_3,1.0,FS1,FS1_OFas_BrGe,OFas_BrGe,-13.860408782958984,9.019864082336426,-12.865270614624023,9.019864082336426,-12.865270614624023,9.334280967712402,-13.860408782958984,9.334280967712402
GewB_ID160920152711_4,1.0,FS2,FS2_OFas_BrGe,OFas_BrGe,-14.267620086669922,9.019864082336426,-13.8660888671875,9.019864082336426,-13.8660888671875,9.334280967712402,-14.267620086669922,9.334280967712402
GewB_ID160920152711_5,1.0,FS3,FS3_OFas_BrGe,OFas_BrGe,-12.859590530395508,9.019864082336426,-12.567031860351562,9.019864082336426,-12.567031860351562,9.334280967712402,-12.859590530395508,9.334280967712402
GewB_ID160920152711_6,1.0,FS4,FS4_OFas_BrGe,OFas_BrGe,-13.419656753540039,8.64399242401123,-12.56546688079834,8.64399242401123,-12.56546688079834,9.01434326171875,-13.419656753540039,9.01434326171875
GewB_ID160920152711_7,1.0,FS5,FS5_OFas_BrGe,OFas_BrGe,-14.267620086669922,8.64399242401123,-13.425334930419922,8.64399242401123,-13.425334930419922,9.01434326171875,-14.267620086669922,9.01434326171875
GewB_ID160920152711_8,1.0,FS6,FS6_OFas_BrGe,OFas_BrGe,-13.419656753540039,7.993915557861328,-12.56546688079834,7.993915557861328,-12.56546688079834,8.348745346069336,-13.419656753540039,8.348745346069336
GewB_ID160920152711_9,1.0,FS7,FS7_OFas_BrGe,OFas_BrGe,-14.267620086669922,7.993915557861328,-13.425334930419922,7.993915557861328,-13.425334930419922,8.348745346069336,-14.267620086669922,8.348745346069336
GewB_ID160920152711_10,1.0,FS8,FS8_OFas_BrGe,OFas_BrGe,-13.860408782958984,8.353903770446777,-12.865270614624023,8.353903770446777,-12.865270614624023,8.634716987609863,-13.860408782958984,8.634716987609863
GewB_ID160920152711_11,1.0,FS9,FS9_OFas_BrGe,OFas_BrGe,-14.267620086669922,8.353903770446777,-13.8660888671875,8.353903770446777,-13.8660888671875,8.634716987609863,-14.267620086669922,8.634716987609863
GewB_ID160920152711_12,1.0,FS10,FS10_OFas_BrGe,OFas_BrGe,-12.859590530395508,8.353903770446777,-12.567031860351562,8.353903770446777,-12.567031860351562,8.634716987609863,-12.859590530395508,8.634716987609863
GewB_ID160920152711_13,1.0,FS11,FS11_OFas_BrGe,OFas_BrGe,-14.105915069580078,7.684200286865234,-12.996768951416016,7.684200286865234,-12.996768951416016,7.988653659820557,-14.105915069580078,7.988653659820557
GewB_ID160920152711_14,1.0,FS12,FS12_OFas_BrGe,OFas_BrGe,-14.267620086669922,7.684200286865234,-14.111595153808594,7.684200286865234,-14.111595153808594,7.988653659820557,-14.267620086669922,7.988653659820557
GewB_ID160920152711_15,1.0,FS13,FS13_OFas_BrGe,OFas_BrGe,-14.124419212341309,9.341828346252441,-13.328899383544922,9.341828346252441,-13.328899383544922,9.669845581054688,-14.124419212341309,9.669845581054688
GewB_ID160920152711_16,1.0,FS14,FS14_OFas_BrGe,OFas_BrGe,-14.267620086669922,9.341828346252441,-14.13010025024414,9.341828346252441,-14.13010025024414,9.669845581054688,-14.267620086669922,9.669845581054688
GewB_ID160920152711_17,1.0,FS15,FS15_OFas_BrGe,OFas_BrGe,-13.32321834564209,9.341828346252441,-12.567031860351562,9.341828346252441,-12.567031860351562,9.669845581054688,-13.32321834564209,9.669845581054688
GewB_ID160920152711_18,1.0,FS16,FS16_OFas_BrGe,OFas_BrGe,-12.992603302001953,7.684200286865234,-12.56546688079834,7.684200286865234,-12.56546688079834,7.988653659820557,-12.992603302001953,7.988653659820557
GewB_ID160920152711_19,1.0,FS17,FS17_OFas_BrGe,OFas_BrGe,-14.105915069580078,6.934201240539551,-12.996768951416016,6.934201240539551,-12.996768951416016,7.308767318725586,-14.105915069580078,7.308767318725586
GewB_ID160920152711_20,1.0,FS18,FS18_OFas_BrGe,OFas_BrGe,-14.267620086669922,6.934201240539551,-14.111595153808594,6.934201240539551,-14.111595153808594,7.308767318725586,-14.267620086669922,7.308767318725586
GewB_ID160920152711_21,1.0,FS19,FS19_OFas_BrGe,OFas_BrGe,-12.992603302001953,6.934201240539551,-12.56546688079834,6.934201240539551,-12.56546688079834,7.308767318725586,-12.992603302001953,7.308767318725586
GewB_ID160920152711_22,1.0,FS20,FS20_OFas_BrGe,OFas_BrGe,-13.419656753540039,7.322527885437012,-12.56546688079834,7.322527885437012,-12.56546688079834,7.677358627319336,-13.419656753540039,7.677358627319336
GewB_ID160920152711_23,1.0,FS21,FS21_OFas_BrGe,OFas_BrGe,-14.267620086669922,7.322527885437012,-13.425334930419922,7.322527885437012,-13.425334930419922,7.677358627319336,-14.267620086669922,7.677358627319336
GewB_ID160920152711_24,1.0,FS22,FS22_OFas_BrGe,OFas_BrGe,-13.419656753540039,6.565545082092285,-12.56546688079834,6.565545082092285,-12.56546688079834,6.920375823974609,-13.419656753540039,6.920375823974609
GewB_ID160920152711_25,1.0,FS23,FS23_OFas_BrGe,OFas_BrGe,-14.267620086669922,6.565545082092285,-13.425334930419922,6.565545082092285,-13.425334930419922,6.920375823974609,-14.267620086669922,6.920375823974609
GewB_ID160920152711_26,1.0,FS24,FS24_OFas_BrGe,OFas_BrGe,-10.435920715332031,9.019864082336426,-9.694075584411621,9.019864082336426,-9.694075584411621,9.334280967712402,-10.435920715332031,9.334280967712402
GewB_ID160920152711_27,1.0,FS25,FS25_OFas_BrGe,OFas_BrGe,-10.640982627868652,9.019864082336426,-10.441600799560547,9.019864082336426,-10.441600799560547,9.334280967712402,-10.640982627868652,9.334280967712402
GewB_ID160920152711_28,1.0,FS26,FS26_OFas_BrGe,OFas_BrGe,-9.688395500183105,9.019864082336426,-9.475539207458496,9.019864082336426,-9.475539207458496,9.334280967712402,-9.688395500183105,9.334280967712402
GewB_ID160920152711_29,1.0,FS27,FS27_OFas_BrGe,OFas_BrGe,-10.060592651367188,8.64399242401123,-9.47397518157959,8.64399242401123,-9.47397518157959,9.01434326171875,-10.060592651367188,9.01434326171875
GewB_ID160920152711_30,1.0,FS28,FS28_OFas_BrGe,OFas_BrGe,-10.640982627868652,8.64399242401123,-10.06627082824707,8.64399242401123,-10.06627082824707,9.01434326171875,-10.640982627868652,9.01434326171875
GewB_ID160920152711_31,1.0,FS29,FS29_OFas_BrGe,OFas_BrGe,-10.060592651367188,7.993915557861328,-9.47397518157959,7.993915557861328,-9.47397518157959,8.348745346069336,-10.060592651367188,8.348745346069336
GewB_ID160920152711_32,1.0,FS30,FS30_OFas_BrGe,OFas_BrGe,-10.640982627868652,7.993915557861328,-10.06627082824707,7.993915557861328,-10.06627082824707,8.348745346069336,-10.640982627868652,8.348745346069336
GewB_ID160920152711_33,1.0,FS31,FS31_OFas_BrGe,OFas_BrGe,-10.435920715332031,8.353903770446777,-9.694075584411621,8.353903770446777,-9.694075584411621,8.634716987609863,-10.435920715332031,8.634716987609863
GewB_ID160920152711_34,1.0,FS32,FS32_OFas_BrGe,OFas_BrGe,-10.640982627868652,8.353903770446777,-10.441600799560547,8.353903770446777,-10.441600799560547,8.634716987609863,-10.640982627868652,8.634716987609863
GewB_ID160920152711_35,1.0,FS33,FS33_OFas_BrGe,OFas_BrGe,-9.688395500183105,8.353903770446777,-9.475539207458496,8.353903770446777,-9.475539207458496,8.634716987609863,-9.688395500183105,8.634716987609863
GewB_ID160920152711_36,1.0,FS34,FS34_OFas_BrGe,OFas_BrGe,-10.439836502075195,7.684200286865234,-9.688942909240723,7.684200286865234,-9.688942909240723,7.988653659820557,-10.439836502075195,7.988653659820557
GewB_ID160920152711_37,1.0,FS35,FS35_OFas_BrGe,OFas_BrGe,-10.640982627868652,7.684200286865234,-10.445516586303711,7.684200286865234,-10.445516586303711,7.988653659820557,-10.640982627868652,7.988653659820557
GewB_ID160920152711_38,1.0,FS36,FS36_OFas_BrGe,OFas_BrGe,-10.497783660888672,9.341828346252441,-10.060592651367188,9.341828346252441,-10.060592651367188,9.669845581054688,-10.497783660888672,9.669845581054688
GewB_ID160920152711_39,1.0,FS37,FS37_OFas_BrGe,OFas_BrGe,-10.640982627868652,9.341828346252441,-10.503463745117188,9.341828346252441,-10.503463745117188,9.669845581054688,-10.640982627868652,9.669845581054688
GewB_ID160920152711_40,1.0,FS38,FS38_OFas_BrGe,OFas_BrGe,-10.054911613464355,9.341828346252441,-9.475539207458496,9.341828346252441,-9.475539207458496,9.669845581054688,-10.054911613464355,9.669845581054688
GewB_ID160920152711_41,1.0,FS39,FS39_OFas_BrGe,OFas_BrGe,-9.684776306152344,7.684200286865234,-9.47397518157959,7.684200286865234,-9.47397518157959,7.988653659820557,-9.684776306152344,7.988653659820557
GewB_ID160920152711_42,1.0,FS40,FS40_OFas_BrGe,OFas_BrGe,-10.439836502075195,6.934201240539551,-9.688942909240723,6.934201240539551,-9.688942909240723,7.308767318725586,-10.439836502075195,7.308767318725586
GewB_ID160920152711_43,1.0,FS41,FS41_OFas_BrGe,OFas_BrGe,-10.640982627868652,6.934201240539551,-10.445516586303711,6.934201240539551,-10.445516586303711,7.308767318725586,-10.640982627868652,7.308767318725586
GewB_ID160920152711_44,1.0,FS42,FS42_OFas_BrGe,OFas_BrGe,-9.684776306152344,6.934201240539551,-9.47397518157959,6.934201240539551,-9.47397518157959,7.308767318725586,-9.684776306152344,7.308767318725586
GewB_ID160920152711_45,1.0,FS43,FS43_OFas_BrGe,OFas_BrGe,-10.060592651367188,7.322527885437012,-9.47397518157959,7.322527885437012,-9.47397518157959,7.677358627319336,-10.060592651367188,7.677358627319336
GewB_ID160920152711_46,1.0,FS44,FS44_OFas_BrGe,OFas_BrGe,-10.640982627868652,7.322527885437012,-10.06627082824707,7.322527885437012,-10.06627082824707,7.677358627319336,-10.640982627868652,7.677358627319336
GewB_ID160920152711_47,1.0,FS45,FS45_OFas_BrGe,OFas_BrGe,-10.640982627868652,6.565545082092285,-9.47397518157959,6.565545082092285,-9.47397518157959,6.920375823974609,-10.640982627868652,6.920375823974609
GewB_ID160920152711_48,1.0,FS46,FS46_OFas_BrGe,OFas_BrGe,-7.467716217041016,9.019864082336426,-6.76902961730957,9.019864082336426,-6.76902961730957,9.334280967712402,-7.467716217041016,9.334280967712402
GewB_ID160920152711_49,1.0,FS47,FS47_OFas_BrGe,OFas_BrGe,-7.672778129577637,9.019864082336426,-7.473394870758057,9.019864082336426,-7.473394870758057,9.334280967712402,-7.672778129577637,9.334280967712402
GewB_ID160920152711_50,1.0,FS48,FS48_OFas_BrGe,OFas_BrGe,-6.763349533081055,9.019864082336426,-6.577467918395996,9.019864082336426,-6.577467918395996,9.334280967712402,-6.763349533081055,9.334280967712402
GewB_ID160920152711_51,1.0,FS49,FS49_OFas_BrGe,OFas_BrGe,-7.135546684265137,8.64399242401123,-6.57590389251709,8.64399242401123,-6.57590389251709,9.01434326171875,-7.135546684265137,9.01434326171875
GewB_ID160920152711_52,1.0,FS50,FS50_OFas_BrGe,OFas_BrGe,-7.672778129577637,8.64399242401123,-7.141223907470703,8.64399242401123,-7.141223907470703,9.01434326171875,-7.672778129577637,9.01434326171875
GewB_ID160920152711_53,1.0,FS51,FS51_OFas_BrGe,OFas_BrGe,-7.135546684265137,7.993915557861328,-6.57590389251709,7.993915557861328,-6.57590389251709,8.348745346069336,-7.135546684265137,8.348745346069336
GewB_ID160920152711_54,1.0,FS52,FS52_OFas_BrGe,OFas_BrGe,-7.672778129577637,7.993915557861328,-7.141223907470703,7.993915557861328,-7.141223907470703,8.348745346069336,-7.672778129577637,8.348745346069336
GewB_ID160920152711_55,1.0,FS53,FS53_OFas_BrGe,OFas_BrGe,-7.467716217041016,8.353903770446777,-6.76902961730957,8.353903770446777,-6.76902961730957,8.634716987609863,-7.467716217041016,8.634716987609863
GewB_ID160920152711_56,1.0,FS54,FS54_OFas_BrGe,OFas_BrGe,-7.672778129577637,8.353903770446777,-7.473394870758057,8.353903770446777,-7.473394870758057,8.634716987609863,-7.672778129577637,8.634716987609863
GewB_ID160920152711_57,1.0,FS55,FS55_OFas_BrGe,OFas_BrGe,-6.763349533081055,8.353903770446777,-6.577467918395996,8.353903770446777,-6.577467918395996,8.634716987609863,-6.763349533081055,8.634716987609863
GewB_ID160920152711_58,1.0,FS56,FS56_OFas_BrGe,OFas_BrGe,-7.47163200378418,7.684200286865234,-6.763896942138672,7.684200286865234,-6.763896942138672,7.988653659820557,-7.47163200378418,7.988653659820557
GewB_ID160920152711_59,1.0,FS57,FS57_OFas_BrGe,OFas_BrGe,-7.672778129577637,7.684200286865234,-7.4773101806640625,7.684200286865234,-7.4773101806640625,7.988653659820557,-7.672778129577637,7.988653659820557
GewB_ID160920152711_60,1.0,FS58,FS58_OFas_BrGe,OFas_BrGe,-7.5295796394348145,9.341828346252441,-7.135546684265137,9.341828346252441,-7.135546684265137,9.669845581054688,-7.5295796394348145,9.669845581054688
GewB_ID160920152711_61,1.0,FS59,FS59_OFas_BrGe,OFas_BrGe,-7.672778129577637,9.341828346252441,-7.5352582931518555,9.341828346252441,-7.5352582931518555,9.669845581054688,-7.672778129577637,9.669845581054688
GewB_ID160920152711_62,1.0,FS60,FS60_OFas_BrGe,OFas_BrGe,-7.129865646362305,9.341828346252441,-6.577467918395996,9.341828346252441,-6.577467918395996,9.669845581054688,-7.129865646362305,9.669845581054688
GewB_ID160920152711_63,1.0,FS61,FS61_OFas_BrGe,OFas_BrGe,-6.759730815887451,7.684200286865234,-6.57590389251709,7.684200286865234,-6.57590389251709,7.988653659820557,-6.759730815887451,7.988653659820557
GewB_ID160920152711_64,1.0,FS62,FS62_OFas_BrGe,OFas_BrGe,-7.47163200378418,6.934201240539551,-6.763896942138672,6.934201240539551,-6.763896942138672,7.308767318725586,-7.47163200378418,7.308767318725586
GewB_ID160920152711_65,1.0,FS63,FS63_OFas_BrGe,OFas_BrGe,-7.672778129577637,6.934201240539551,-7.4773101806640625,6.934201240539551,-7.4773101806640625,7.308767318725586,-7.672778129577637,7.308767318725586
GewB_ID160920152711_66,1.0,FS64,FS64_OFas_BrGe,OFas_BrGe,-6.759730815887451,6.934201240539551,-6.57590389251709,6.934201240539551,-6.57590389251709,7.308767318725586,-6.759730815887451,7.308767318725586
GewB_ID160920152711_67,1.0,FS65,FS65_OFas_BrGe,OFas_BrGe,-7.135546684265137,7.322527885437012,-6.57590389251709,7.322527885437012,-6.57590389251709,7.677358627319336,-7.135546684265137,7.677358627319336
GewB_ID160920152711_68,1.0,FS66,FS66_OFas_BrGe,OFas_BrGe,-7.672778129577637,7.322527885437012,-7.141223907470703,7.322527885437012,-7.141223907470703,7.677358627319336,-7.672778129577637,7.677358627319336
GewB_ID160920152711_69,1.0,FS67,FS67_OFas_BrGe,OFas_BrGe,-7.672778129577637,6.565545082092285,-6.575902938842773,6.565545082092285,-6.575902938842773,6.920375823974609,-7.672778129577637,6.920375823974609
GewB_ID160920152711_70,1.0,FS68,FS68_OFas_BrGe,OFas_BrGe,-4.571655750274658,9.019864082336426,-3.853482723236084,9.019864082336426,-3.853482723236084,9.334280967712402,-4.571655750274658,9.334280967712402
GewB_ID160920152711_71,1.0,FS69,FS69_OFas_BrGe,OFas_BrGe,-4.776717662811279,9.019864082336426,-4.577334880828857,9.019864082336426,-4.577334880828857,9.334280967712402,-4.776717662811279,9.334280967712402
GewB_ID160920152711_72,1.0,FS70,FS70_OFas_BrGe,OFas_BrGe,-3.8478035926818848,9.019864082336426,-3.6619222164154053,9.019864082336426,-3.6619222164154053,9.334280967712402,-3.8478035926818848,9.334280967712402
GewB_ID160920152711_73,1.0,FS71,FS71_OFas_BrGe,OFas_BrGe,-4.21999979019165,8.64399242401123,-3.66035795211792,8.64399242401123,-3.66035795211792,9.01434326171875,-4.21999979019165,9.01434326171875
GewB_ID160920152711_74,1.0,FS72,FS72_OFas_BrGe,OFas_BrGe,-4.776717662811279,8.64399242401123,-4.225678443908691,8.64399242401123,-4.225678443908691,9.01434326171875,-4.776717662811279,9.01434326171875
GewB_ID160920152711_75,1.0,FS73,FS73_OFas_BrGe,OFas_BrGe,-4.21999979019165,7.993915557861328,-3.66035795211792,7.993915557861328,-3.66035795211792,8.348745346069336,-4.21999979019165,8.348745346069336
GewB_ID160920152711_76,1.0,FS74,FS74_OFas_BrGe,OFas_BrGe,-4.776717662811279,7.993915557861328,-4.225678443908691,7.993915557861328,-4.225678443908691,8.348745346069336,-4.776717662811279,8.348745346069336
GewB_ID160920152711_77,1.0,FS75,FS75_OFas_BrGe,OFas_BrGe,-4.571655750274658,8.353903770446777,-3.853482723236084,8.353903770446777,-3.853482723236084,8.634716987609863,-4.571655750274658,8.634716987609863
GewB_ID160920152711_78,1.0,FS76,FS76_OFas_BrGe,OFas_BrGe,-4.776717662811279,8.353903770446777,-4.577334880828857,8.353903770446777,-4.577334880828857,8.634716987609863,-4.776717662811279,8.634716987609863
GewB_ID160920152711_79,1.0,FS77,FS77_OFas_BrGe,OFas_BrGe,-3.8478035926818848,8.353903770446777,-3.6619222164154053,8.353903770446777,-3.6619222164154053,8.634716987609863,-3.8478035926818848,8.634716987609863
GewB_ID160920152711_80,1.0,FS78,FS78_OFas_BrGe,OFas_BrGe,-4.575571537017822,7.684200286865234,-3.84835147857666,7.684200286865234,-3.84835147857666,7.988653659820557,-4.575571537017822,7.988653659820557
GewB_ID160920152711_81,1.0,FS79,FS79_OFas_BrGe,OFas_BrGe,-4.776717662811279,7.684200286865234,-4.581249713897705,7.684200286865234,-4.581249713897705,7.988653659820557,-4.776717662811279,7.988653659820557
GewB_ID160920152711_82,1.0,FS80,FS80_OFas_BrGe,OFas_BrGe,-4.633519172668457,9.341828346252441,-4.219999313354492,9.341828346252441,-4.219999313354492,9.669845581054688,-4.633519172668457,9.669845581054688
GewB_ID160920152711_83,1.0,FS81,FS81_OFas_BrGe,OFas_BrGe,-4.776717662811279,9.341828346252441,-4.639198303222656,9.341828346252441,-4.639198303222656,9.669845581054688,-4.776717662811279,9.669845581054688
GewB_ID160920152711_84,1.0,FS82,FS82_OFas_BrGe,OFas_BrGe,-4.214320182800293,9.341828346252441,-3.6619222164154053,9.341828346252441,-3.6619222164154053,9.669845581054688,-4.214320182800293,9.669845581054688
GewB_ID160920152711_85,1.0,FS83,FS83_OFas_BrGe,OFas_BrGe,-3.844184398651123,7.684200286865234,-3.66035795211792,7.684200286865234,-3.66035795211792,7.988653659820557,-3.844184398651123,7.988653659820557
GewB_ID160920152711_86,1.0,FS84,FS84_OFas_BrGe,OFas_BrGe,-4.575571537017822,6.934201240539551,-3.84835147857666,6.934201240539551,-3.84835147857666,7.308767318725586,-4.575571537017822,7.308767318725586
GewB_ID160920152711_87,1.0,FS85,FS85_OFas_BrGe,OFas_BrGe,-4.776717662811279,6.934201240539551,-4.581249713897705,6.934201240539551,-4.581249713897705,7.308767318725586,-4.776717662811279,7.308767318725586
GewB_ID160920152711_88,1.0,FS86,FS86_OFas_BrGe,OFas_BrGe,-3.844184398651123,6.934201240539551,-3.66035795211792,6.934201240539551,-3.66035795211792,7.308767318725586,-3.844184398651123,7.308767318725586
GewB_ID160920152711_89,1.0,FS87,FS87_OFas_BrGe,OFas_BrGe,-4.21999979019165,7.322527885437012,-3.66035795211792,7.322527885437012,-3.66035795211792,7.677358627319336,-4.21999979019165,7.677358627319336
GewB_ID160920152711_90,1.0,FS88,FS88_OFas_BrGe,OFas_BrGe,-4.776717662811279,7.322527885437012,-4.225678443908691,7.322527885437012,-4.225678443908691,7.677358627319336,-4.776717662811279,7.677358627319336
GewB_ID160920152711_91,1.0,FS89,FS89_OFas_BrGe,OFas_BrGe,-4.776717662811279,6.565545082092285,-3.66035795211792,6.565545082092285,-3.66035795211792,6.920375823974609,-4.776717662811279,6.920375823974609
GewB_ID160920152711_92,1.0,FS90,FS90_OFas_BrGe,OFas_BrGe,-1.6349208354949951,9.019864082336426,-0.9167481660842896,9.019864082336426,-0.9167481660842896,9.334280967712402,-1.6349208354949951,9.334280967712402
GewB_ID160920152711_93,1.0,FS91,FS91_OFas_BrGe,OFas_BrGe,-1.8399827480316162,9.019864082336426,-1.6405997276306152,9.019864082336426,-1.6405997276306152,9.334280967712402,-1.8399827480316162,9.334280967712402
GewB_ID160920152711_94,1.0,FS92,FS92_OFas_BrGe,OFas_BrGe,-0.9110687971115112,9.019864082336426,-0.7251870632171631,9.019864082336426,-0.7251870632171631,9.334280967712402,-0.9110687971115112,9.334280967712402
GewB_ID160920152711_95,1.0,FS93,FS93_OFas_BrGe,OFas_BrGe,-1.2832649946212769,8.64399242401123,-0.7236225605010986,8.64399242401123,-0.7236225605010986,9.01434326171875,-1.2832649946212769,9.01434326171875
GewB_ID160920152711_96,1.0,FS94,FS94_OFas_BrGe,OFas_BrGe,-1.8399827480316162,8.64399242401123,-1.2889432907104492,8.64399242401123,-1.2889432907104492,9.01434326171875,-1.8399827480316162,9.01434326171875
GewB_ID160920152711_97,1.0,FS95,FS95_OFas_BrGe,OFas_BrGe,-1.2832649946212769,7.993915557861328,-0.7236225605010986,7.993915557861328,-0.7236225605010986,8.348745346069336,-1.2832649946212769,8.348745346069336
GewB_ID160920152711_98,1.0,FS96,FS96_OFas_BrGe,OFas_BrGe,-1.8399827480316162,7.993915557861328,-1.2889432907104492,7.993915557861328,-1.2889432907104492,8.348745346069336,-1.8399827480316162,8.348745346069336
GewB_ID160920152711_99,1.0,FS97,FS97_OFas_BrGe,OFas_BrGe,-1.6349208354949951,8.353903770446777,-0.9167481660842896,8.353903770446777,-0.9167481660842896,8.634716987609863,-1.6349208354949951,8.634716987609863
GewB_ID160920152711_100,1.0,FS98,FS98_OFas_BrGe,OFas_BrGe,-1.8399827480316162,8.353903770446777,-1.6405997276306152,8.353903770446777,-1.6405997276306152,8.634716987609863,-1.8399827480316162,8.634716987609863
GewB_ID160920152711_101,1.0,FS99,FS99_OFas_BrGe,OFas_BrGe,-0.9110687971115112,8.353903770446777,-0.7251870632171631,8.353903770446777,-0.7251870632171631,8.634716987609863,-0.9110687971115112,8.634716987609863
GewB_ID160920152711_102,1.0,FS100,FS100_OFas_BrGe,OFas_BrGe,-1.6388366222381592,7.684200286865234,-0.911616325378418,7.684200286865234,-0.911616325378418,7.988653659820557,-1.6388366222381592,7.988653659820557
GewB_ID160920152711_103,1.0,FS101,FS101_OFas_BrGe,OFas_BrGe,-1.8399827480316162,7.684200286865234,-1.6445149183273315,7.684200286865234,-1.6445149183273315,7.988653659820557,-1.8399827480316162,7.988653659820557
GewB_ID160920152711_104,1.0,FS102,FS102_OFas_BrGe,OFas_BrGe,-1.6967840194702148,9.341828346252441,-1.2832646369934082,9.341828346252441,-1.2832646369934082,9.669845581054688,-1.6967840194702148,9.669845581054688
GewB_ID160920152711_105,1.0,FS103,FS103_OFas_BrGe,OFas_BrGe,-1.8399827480316162,9.341828346252441,-1.702463150024414,9.341828346252441,-1.702463150024414,9.669845581054688,-1.8399827480316162,9.669845581054688
GewB_ID160920152711_106,1.0,FS104,FS104_OFas_BrGe,OFas_BrGe,-1.2775850296020508,9.341828346252441,-0.7251870632171631,9.341828346252441,-0.7251870632171631,9.669845581054688,-1.2775850296020508,9.669845581054688
GewB_ID160920152711_107,1.0,FS105,FS105_OFas_BrGe,OFas_BrGe,-0.9074494242668152,7.684200286865234,-0.7236225605010986,7.684200286865234,-0.7236225605010986,7.988653659820557,-0.9074494242668152,7.988653659820557
GewB_ID160920152711_108,1.0,FS106,FS106_OFas_BrGe,OFas_BrGe,-1.6388366222381592,6.934201240539551,-0.911616325378418,6.934201240539551,-0.911616325378418,7.308767318725586,-1.6388366222381592,7.308767318725586
GewB_ID160920152711_109,1.0,FS107,FS107_OFas_BrGe,OFas_BrGe,-1.8399827480316162,6.934201240539551,-1.6445149183273315,6.934201240539551,-1.6445149183273315,7.308767318725586,-1.8399827480316162,7.308767318725586
GewB_ID160920152711_110,1.0,FS108,FS108_OFas_BrGe,OFas_BrGe,-0.9074494242668152,6.934201240539551,-0.7236225605010986,6.934201240539551,-0.7236225605010986,7.308767318725586,-0.9074494242668152,7.308767318725586
GewB_ID160920152711_111,1.0,FS109,FS109_OFas_BrGe,OFas_BrGe,-1.2832649946212769,7.322527885437012,-0.7236225605010986,7.322527885437012,-0.7236225605010986,7.677358627319336,-1.2832649946212769,7.677358627319336
GewB_ID160920152711_112,1.0,FS110,FS110_OFas_BrGe,OFas_BrGe,-1.8399827480316162,7.322527885437012,-1.2889432907104492,7.322527885437012,-1.2889432907104492,7.677358627319336,-1.8399827480316162,7.677358627319336
GewB_ID160920152711_113,1.0,FS111,FS111_OFas_BrGe,OFas_BrGe,-1.8399827480316162,6.565545082092285,-0.7236225605010986,6.565545082092285,-0.7236225605010986,6.920375823974609,-1.8399827480316162,6.920375823974609
GewB_ID160920152711_114,1.0,FS112,FS112_OFas_BrGe,OFas_BrGe,1.2988146543502808,8.979632377624512,2.2402172088623047,8.979632377624512,2.2402172088623047,9.294049263000488,1.2988146543502808,9.294049263000488
GewB_ID160920152711_115,1.0,FS113,FS113_OFas_BrGe,OFas_BrGe,1.0937526226043701,8.979632377624512,1.2931357622146606,8.979632377624512,1.2931357622146606,9.294049263000488,1.0937526226043701,9.294049263000488
GewB_ID160920152711_116,1.0,FS114,FS114_OFas_BrGe,OFas_BrGe,2.2458956241607666,8.979632377624512,2.4317786693573,8.979632377624512,2.4317786693573,9.294049263000488,2.2458956241607666,9.294049263000488
GewB_ID160920152711_117,1.0,FS115,FS115_OFas_BrGe,OFas_BrGe,2.117868185043335,8.603760719299316,2.4333419799804688,8.603760719299316,2.4333419799804688,8.97411060333252,2.117868185043335,8.97411060333252
GewB_ID160920152711_118,1.0,FS116,FS116_OFas_BrGe,OFas_BrGe,1.4356689453125,8.603760719299316,2.1121888160705566,8.603760719299316,2.1121888160705566,8.97411060333252,1.4356689453125,8.97411060333252
GewB_ID160920152711_119,1.0,FS117,FS117_OFas_BrGe,OFas_BrGe,1.2925093173980713,7.953683853149414,2.2453489303588867,7.953683853149414,2.2453489303588867,8.308513641357422,1.2925093173980713,8.308513641357422
GewB_ID160920152711_120,1.0,FS118,FS118_OFas_BrGe,OFas_BrGe,1.0937526226043701,7.953683853149414,1.2868311405181885,7.953683853149414,1.2868311405181885,8.308513641357422,1.0937526226043701,8.308513641357422
GewB_ID160920152711_121,1.0,FS119,FS119_OFas_BrGe,OFas_BrGe,1.749237298965454,8.313672065734863,2.431778907775879,8.313672065734863,2.431778907775879,8.594486236572266,1.749237298965454,8.594486236572266
GewB_ID160920152711_122,1.0,FS120,FS120_OFas_BrGe,OFas_BrGe,1.0937526226043701,8.313672065734863,1.7435581684112549,8.313672065734863,1.7435581684112549,8.594486236572266,1.0937526226043701,8.594486236572266
GewB_ID160920152711_123,1.0,FS121,FS121_OFas_BrGe,OFas_BrGe,1.7714314460754395,7.64396858215332,2.4333419799804688,7.64396858215332,2.4333419799804688,7.948422431945801,1.7714314460754395,7.948422431945801
GewB_ID160920152711_124,1.0,FS122,FS122_OFas_BrGe,OFas_BrGe,1.0937526226043701,7.64396858215332,1.7657530307769775,7.64396858215332,1.7657530307769775,7.948422431945801,1.0937526226043701,7.948422431945801
GewB_ID160920152711_125,1.0,FS123,FS123_OFas_BrGe,OFas_BrGe,1.0937527418136597,9.301596641540527,1.7666754722595215,9.301596641540527,1.7666754722595215,9.629613876342773,1.0937527418136597,9.629613876342773
GewB_ID160920152711_126,1.0,FS124,FS124_OFas_BrGe,OFas_BrGe,1.772352933883667,9.301596641540527,2.4317786693573,9.301596641540527,2.4317786693573,9.629613876342773,1.772352933883667,9.629613876342773
GewB_ID160920152711_127,1.0,FS125,FS125_OFas_BrGe,OFas_BrGe,1.7597935199737549,6.8939690589904785,2.4333419799804688,6.8939690589904785,2.4333419799804688,7.268535614013672,1.7597935199737549,7.268535614013672
GewB_ID160920152711_128,1.0,FS126,FS126_OFas_BrGe,OFas_BrGe,1.0937526226043701,6.8939690589904785,1.754115104675293,6.8939690589904785,1.754115104675293,7.268535614013672,1.0937526226043701,7.268535614013672
GewB_ID160920152711_129,1.0,FS127,FS127_OFas_BrGe,OFas_BrGe,1.294552206993103,7.277887344360352,2.2436139583587646,7.277887344360352,2.2436139583587646,7.63712739944458,1.294552206993103,7.63712739944458
GewB_ID160920152711_130,1.0,FS128,FS128_OFas_BrGe,OFas_BrGe,1.0937526226043701,7.277887344360352,1.2888739109039307,7.277887344360352,1.2888739109039307,7.63712739944458,1.0937526226043701,7.63712739944458
GewB_ID160920152711_131,1.0,FS129,FS129_OFas_BrGe,OFas_BrGe,1.0937526226043701,6.525313377380371,2.4333419799804688,6.525313377380371,2.4333419799804688,6.880144119262695,1.0937526226043701,6.880144119262695
GewB_ID160920152711_132,1.0,FS130,FS130_OFas_BrGe,OFas_BrGe,1.0937526226043701,8.603760719299316,1.431229829788208,8.603760719299316,1.431229829788208,8.97411060333252,1.0937526226043701,8.97411060333252
GewB_ID160920152711_133,1.0,FS131,FS131_OFas_BrGe,OFas_BrGe,2.249516010284424,7.953683853149414,2.4333419799804688,7.953683853149414,2.4333419799804688,8.308513641357422,2.249516010284424,8.308513641357422
GewB_ID160920152711_134,1.0,FS132,FS132_OFas_BrGe,OFas_BrGe,2.2481436729431152,7.277887344360352,2.4333419799804688,7.277887344360352,2.4333419799804688,7.63712739944458,2.2481436729431152,7.63712739944458
GewB_ID160920152711_135,1.0,FS133,FS133_OFas_BrGe,OFas_BrGe,-13.879619598388672,4.641838550567627,-13.445594787597656,4.641838550567627,-13.445594787597656,4.942134857177734,-13.879619598388672,4.942134857177734
GewB_ID160920152711_136,1.0,FS134,FS134_OFas_BrGe,OFas_BrGe,-14.256949424743652,4.641838550567627,-13.885299682617188,4.641838550567627,-13.885299682617188,4.942134857177734,-14.256949424743652,4.942134857177734
GewB_ID160920152711_137,1.0,FS135,FS135_OFas_BrGe,OFas_BrGe,-13.439915657043457,4.641838550567627,-13.084293365478516,4.641838550567627,-13.084293365478516,4.942134857177734,-13.439915657043457,4.942134857177734
GewB_ID160920152711_138,1.0,FS136,FS136_OFas_BrGe,OFas_BrGe,-13.88818073272705,4.332799434661865,-13.084293365478516,4.332799434661865,-13.084293365478516,4.636566638946533,-13.88818073272705,4.636566638946533
GewB_ID160920152711_139,1.0,FS137,FS137_OFas_BrGe,OFas_BrGe,-14.168947219848633,4.332799434661865,-13.895611763000488,4.332799434661865,-13.895611763000488,4.636566638946533,-14.168947219848633,4.636566638946533
GewB_ID160920152711_140,1.0,FS138,FS138_OFas_BrGe,OFas_BrGe,-13.562507629394531,3.532533645629883,-13.084293365478516,3.532533645629883,-13.084293365478516,3.9447531700134277,-13.562507629394531,3.9447531700134277
GewB_ID160920152711_141,1.0,FS139,FS139_OFas_BrGe,OFas_BrGe,-14.163305282592773,3.532533645629883,-13.568185806274414,3.532533645629883,-13.568185806274414,3.9447531700134277,-14.163305282592773,3.9447531700134277
GewB_ID160920152711_142,1.0,FS140,FS140_OFas_BrGe,OFas_BrGe,-14.251301765441895,3.1417360305786133,-13.084293365478516,3.1417360305786133,-13.084293365478516,3.5225493907928467,-14.251301765441895,3.5225493907928467
GewB_ID160920152711_143,1.0,FS141,FS141_OFas_BrGe,OFas_BrGe,-12.33060073852539,4.878726482391357,-11.601677894592285,4.878726482391357,-11.601677894592285,5.1816816329956055,-12.33060073852539,5.1816816329956055
GewB_ID160920152711_144,1.0,FS142,FS142_OFas_BrGe,OFas_BrGe,-13.065675735473633,4.878726482391357,-12.336280822753906,4.878726482391357,-12.336280822753906,5.1816816329956055,-13.065675735473633,5.1816816329956055
GewB_ID160920152711_145,1.0,FS143,FS143_OFas_BrGe,OFas_BrGe,-11.595998764038086,4.878726482391357,-10.86795711517334,4.878726482391357,-10.86795711517334,5.1816816329956055,-11.595998764038086,5.1816816329956055
GewB_ID160920152711_146,1.0,FS144,FS144_OFas_BrGe,OFas_BrGe,-14.251301765441895,2.3255577087402344,-13.79945182800293,2.3255577087402344,-13.79945182800293,2.722184181213379,-14.251301765441895,2.722184181213379
GewB_ID160920152711_147,1.0,FS145,FS145_OFas_BrGe,OFas_BrGe,-13.793773651123047,2.3255577087402344,-13.084293365478516,2.3255577087402344,-13.084293365478516,2.722184181213379,-13.793773651123047,2.722184181213379
GewB_ID160920152711_148,1.0,FS146,FS146_OFas_BrGe,OFas_BrGe,-13.47067642211914,2.730854034423828,-13.084293365478516,2.730854034423828,-13.084293365478516,3.134894371032715,-13.47067642211914,3.134894371032715
GewB_ID160920152711_149,1.0,FS147,FS147_OFas_BrGe,OFas_BrGe,-14.251301765441895,2.730854034423828,-13.912456512451172,2.730854034423828,-13.912456512451172,3.134894371032715,-14.251301765441895,3.134894371032715
GewB_ID160920152711_150,1.0,FS148,FS148_OFas_BrGe,OFas_BrGe,-9.448121070861816,4.878726482391357,-8.560367584228516,4.878726482391357,-8.560367584228516,5.1816816329956055,-9.448121070861816,5.1816816329956055
GewB_ID160920152711_151,1.0,FS149,FS149_OFas_BrGe,OFas_BrGe,-10.859695434570312,4.878726482391357,-10.130300521850586,4.878726482391357,-10.130300521850586,5.1816816329956055,-10.859695434570312,5.1816816329956055
GewB_ID160920152711_152,1.0,FS150,FS150_OFas_BrGe,OFas_BrGe,-8.554688453674316,4.878726482391357,-7.656049728393555,4.878726482391357,-7.656049728393555,5.1816816329956055,-8.554688453674316,5.1816816329956055
GewB_ID160920152711_153,1.0,FS151,FS151_OFas_BrGe,OFas_BrGe,-6.575371742248535,4.878726482391357,-5.673459053039551,4.878726482391357,-5.673459053039551,5.1816816329956055,-6.575371742248535,5.1816816329956055
GewB_ID160920152711_154,1.0,FS152,FS152_OFas_BrGe,OFas_BrGe,-5.667778968811035,4.878726482391357,-4.76914119720459,4.878726482391357,-4.76914119720459,5.1816816329956055,-5.667778968811035,5.1816816329956055
GewB_ID160920152711_155,1.0,FS153,FS153_OFas_BrGe,OFas_BrGe,-3.6348514556884766,4.878726482391357,-2.747097969055176,4.878726482391357,-2.747097969055176,5.1816816329956055,-3.6348514556884766,5.1816816329956055
GewB_ID160920152711_156,1.0,FS154,FS154_OFas_BrGe,OFas_BrGe,-2.7414183616638184,4.878726482391357,-1.842780590057373,4.878726482391357,-1.842780590057373,5.1816816329956055,-2.7414183616638184,5.1816816329956055
GewB_ID160920152711_157,1.0,FS155,FS155_OFas_BrGe,OFas_BrGe,-14.251301765441895,4.332799434661865,-14.17420768737793,4.332799434661865,-14.17420768737793,4.636566638946533,-14.251301765441895,4.636566638946533
GewB_ID160920152711_158,1.0,FS156,FS156_OFas_BrGe,OFas_BrGe,-13.751508712768555,3.9560794830322266,-13.084293365478516,3.9560794830322266,-13.084293365478516,4.328181743621826,-13.751508712768555,4.328181743621826
GewB_ID160920152711_159,1.0,FS157,FS157_OFas_BrGe,OFas_BrGe,-14.251301765441895,3.9560794830322266,-13.758939743041992,3.9560794830322266,-13.758939743041992,4.328181743621826,-14.251301765441895,4.328181743621826
GewB_ID160920152711_160,1.0,FS158,FS158_OFas_BrGe,OFas_BrGe,-14.251301765441895,3.532533645629883,-14.167582511901855,3.532533645629883,-14.167582511901855,3.9447531700134277,-14.251301765441895,3.9447531700134277
GewB_ID160920152711_161,1.0,FS159,FS159_OFas_BrGe,OFas_BrGe,-13.905136108398438,2.730854034423828,-13.478052139282227,2.730854034423828,-13.478052139282227,3.134894371032715,-13.905136108398438,3.134894371032715
GewB_ID160920152711_162,1.0,FS160,FS160_OFas_BrGe,OFas_BrGe,-14.17601203918457,1.9190473556518555,-13.37595272064209,1.9190473556518555,-13.37595272064209,2.315673589706421,-14.17601203918457,2.315673589706421
GewB_ID160920152711_163,1.0,FS161,FS161_OFas_BrGe,OFas_BrGe,-13.37027359008789,1.9190473556518555,-13.084293365478516,1.9190473556518555,-13.084293365478516,2.315673589706421,-13.37027359008789,2.315673589706421
GewB_ID160920152711_164,1.0,FS162,FS162_OFas_BrGe,OFas_BrGe,-14.251301765441895,1.9190473556518555,-14.183422088623047,1.9190473556518555,-14.183422088623047,2.315673589706421,-14.251301765441895,2.315673589706421
GewB_ID160920152711_165,1.0,FS163,FS163_OFas_BrGe,OFas_BrGe,-14.02166748046875,1.5140293836593628,-13.660167694091797,1.5140293836593628,-13.660167694091797,1.912879467010498,-14.02166748046875,1.912879467010498
GewB_ID160920152711_166,1.0,FS164,FS164_OFas_BrGe,OFas_BrGe,-13.654487609863281,1.5140293836593628,-13.084293365478516,1.5140293836593628,-13.084293365478516,1.912879467010498,-13.654487609863281,1.912879467010498
GewB_ID160920152711_167,1.0,FS165,FS165_OFas_BrGe,OFas_BrGe,-14.251301765441895,1.5140293836593628,-14.029081344604492,1.5140293836593628,-14.029081344604492,1.912879467010498,-14.251301765441895,1.912879467010498
GewB_ID160920152711_168,1.0,FS166,FS166_OFas_BrGe,OFas_BrGe,-14.251300811767578,1.0856784582138062,-13.084293365478516,1.0856784582138062,-13.084293365478516,1.5078794956207275,-14.251300811767578,1.5078794956207275
GewB_ID160920152711_169,1.0,FS167,FS167_OFas_BrGe,OFas_BrGe,-14.251300811767578,0.6587203145027161,-13.540579795837402,0.6587203145027161,-13.540579795837402,1.0809214115142822,-14.251300811767578,1.0809214115142822
GewB_ID160920152711_170,1.0,FS168,FS168_OFas_BrGe,OFas_BrGe,-13.532404899597168,0.6587203145027161,-13.084293365478516,0.6587203145027161,-13.084293365478516,1.0809214115142822,-13.532404899597168,1.0809214115142822
GewB_ID160920152711_171,1.0,FS169,FS169_OFas_BrGe,OFas_BrGe,-14.153549194335938,4.949071884155273,-13.540579795837402,4.949071884155273,-13.540579795837402,5.1816816329956055,-14.153549194335938,5.1816816329956055
GewB_ID160920152711_172,1.0,FS170,FS170_OFas_BrGe,OFas_BrGe,-13.532404899597168,4.949071884155273,-13.084293365478516,4.949071884155273,-13.084293365478516,5.1816816329956055,-13.532404899597168,5.1816816329956055
GewB_ID160920152711_173,1.0,FS171,FS171_OFas_BrGe,OFas_BrGe,-14.256949424743652,4.949071884155273,-14.162318229675293,4.949071884155273,-14.162318229675293,5.1816816329956055,-14.256949424743652,5.1816816329956055
GewB_ID160920152711_174,1.0,FS172,FS172_OFas_BrGe,OFas_BrGe,-10.115046501159668,4.512535572052002,-9.70419692993164,4.512535572052002,-9.70419692993164,4.9114532470703125,-10.115046501159668,4.9114532470703125
GewB_ID160920152711_175,1.0,FS173,FS173_OFas_BrGe,OFas_BrGe,-9.695839881896973,4.512535572052002,-9.475629806518555,4.512535572052002,-9.475629806518555,4.9114532470703125,-9.695839881896973,4.9114532470703125
GewB_ID160920152711_176,1.0,FS174,FS174_OFas_BrGe,OFas_BrGe,-9.874866485595703,3.6595921516418457,-9.475629806518555,3.6595921516418457,-9.475629806518555,4.071811676025391,-9.874866485595703,4.071811676025391
GewB_ID160920152711_177,1.0,FS175,FS175_OFas_BrGe,OFas_BrGe,-10.11196517944336,3.2316548824310303,-9.475629806518555,3.2316548824310303,-9.475629806518555,3.6506152153015137,-10.11196517944336,3.6506152153015137
GewB_ID160920152711_178,1.0,FS176,FS176_OFas_BrGe,OFas_BrGe,-10.111966133117676,2.3746042251586914,-9.475629806518555,2.3746042251586914,-9.475629806518555,2.7930288314819336,-10.111966133117676,2.7930288314819336
GewB_ID160920152711_179,1.0,FS177,FS177_OFas_BrGe,OFas_BrGe,-9.879776000976562,2.801699161529541,-9.475629806518555,2.801699161529541,-9.475629806518555,3.222088575363159,-9.879776000976562,3.222088575363159
GewB_ID160920152711_180,1.0,FS178,FS178_OFas_BrGe,OFas_BrGe,-10.11196517944336,2.801699161529541,-9.891780853271484,2.801699161529541,-9.891780853271484,3.222088575363159,-10.11196517944336,3.222088575363159
GewB_ID160920152711_181,1.0,FS179,FS179_OFas_BrGe,OFas_BrGe,-10.11196517944336,3.6595921516418457,-9.882152557373047,3.6595921516418457,-9.882152557373047,4.071811676025391,-10.11196517944336,4.071811676025391
GewB_ID160920152711_182,1.0,FS180,FS180_OFas_BrGe,OFas_BrGe,-10.111966133117676,1.5488505363464355,-9.475629806518555,1.5488505363464355,-9.475629806518555,1.9601975679397583,-10.111966133117676,1.9601975679397583
GewB_ID160920152711_183,1.0,FS181,FS181_OFas_BrGe,OFas_BrGe,-10.111966133117676,0.6587203145027161,-9.724430084228516,0.6587203145027161,-9.724430084228516,1.0999157428741455,-10.111966133117676,1.0999157428741455
GewB_ID160920152711_184,1.0,FS182,FS182_OFas_BrGe,OFas_BrGe,-9.71997356414795,0.6587203145027161,-9.475629806518555,0.6587203145027161,-9.475629806518555,1.0999157428741455,-9.71997356414795,1.0999157428741455
GewB_ID160920152711_185,1.0,FS183,FS183_OFas_BrGe,OFas_BrGe,-10.115045547485352,4.918389320373535,-9.475629806518555,4.918389320373535,-9.475629806518555,5.1816816329956055,-10.115045547485352,5.1816816329956055
GewB_ID160920152711_186,1.0,FS184,FS184_OFas_BrGe,OFas_BrGe,-10.11196517944336,4.075292110443115,-9.475629806518555,4.075292110443115,-9.475629806518555,4.505396366119385,-10.11196517944336,4.505396366119385
GewB_ID160920152711_187,1.0,FS185,FS185_OFas_BrGe,OFas_BrGe,-9.811655044555664,1.9651832580566406,-9.475629806518555,1.9651832580566406,-9.475629806518555,2.3664987087249756,-9.811655044555664,2.3664987087249756
GewB_ID160920152711_188,1.0,FS186,FS186_OFas_BrGe,OFas_BrGe,-10.11196517944336,1.9651832580566406,-9.823660850524902,1.9651832580566406,-9.823660850524902,2.3664987087249756,-10.11196517944336,2.3664987087249756
GewB_ID160920152711_189,1.0,FS187,FS187_OFas_BrGe,OFas_BrGe,-9.811655044555664,1.1083159446716309,-9.475629806518555,1.1083159446716309,-9.475629806518555,1.5408368110656738,-9.811655044555664,1.5408368110656738
GewB_ID160920152711_190,1.0,FS188,FS188_OFas_BrGe,OFas_BrGe,-10.11196517944336,1.1083159446716309,-9.823660850524902,1.1083159446716309,-9.823660850524902,1.5408368110656738,-10.11196517944336,1.5408368110656738
GewB_ID160920152711_191,1.0,FS189,FS189_OFas_BrGe,OFas_BrGe,-7.641034126281738,4.4751877784729,-7.230184555053711,4.4751877784729,-7.230184555053711,4.9114532470703125,-7.641034126281738,4.9114532470703125
GewB_ID160920152711_192,1.0,FS190,FS190_OFas_BrGe,OFas_BrGe,-7.221828460693359,4.4751877784729,-6.587666988372803,4.4751877784729,-6.587666988372803,4.9114532470703125,-7.221828460693359,4.9114532470703125
GewB_ID160920152711_193,1.0,FS191,FS191_OFas_BrGe,OFas_BrGe,-7.495180130004883,3.3234620094299316,-6.949609279632568,3.3234620094299316,-6.949609279632568,3.8897409439086914,-7.495180130004883,3.8897409439086914
GewB_ID160920152711_194,1.0,FS192,FS192_OFas_BrGe,OFas_BrGe,-7.169161796569824,2.899120330810547,-6.587666988372803,2.899120330810547,-6.587666988372803,3.3107893466949463,-7.169161796569824,3.3107893466949463
GewB_ID160920152711_195,1.0,FS193,FS193_OFas_BrGe,OFas_BrGe,-7.6379547119140625,2.899120330810547,-7.549385070800781,2.899120330810547,-7.549385070800781,3.3107893466949463,-7.6379547119140625,3.3107893466949463
GewB_ID160920152711_196,1.0,FS194,FS194_OFas_BrGe,OFas_BrGe,-7.6379547119140625,3.3234620094299316,-7.50246524810791,3.3234620094299316,-7.50246524810791,3.8897409439086914,-7.6379547119140625,3.8897409439086914
GewB_ID160920152711_197,1.0,FS195,FS195_OFas_BrGe,OFas_BrGe,-7.288427829742432,1.630013346672058,-6.587666988372803,1.630013346672058,-6.587666988372803,2.010650157928467,-7.288427829742432,2.010650157928467
GewB_ID160920152711_198,1.0,FS196,FS196_OFas_BrGe,OFas_BrGe,-7.6379547119140625,0.6587203145027161,-7.295278549194336,0.6587203145027161,-7.295278549194336,1.2446928024291992,-7.6379547119140625,1.2446928024291992
GewB_ID160920152711_199,1.0,FS197,FS197_OFas_BrGe,OFas_BrGe,-7.290820121765137,0.6587203145027161,-6.587666988372803,0.6587203145027161,-6.587666988372803,1.2446928024291992,-7.290820121765137,1.2446928024291992
GewB_ID160920152711_200,1.0,FS198,FS198_OFas_BrGe,OFas_BrGe,-7.435527324676514,4.918389320373535,-6.683128356933594,4.918389320373535,-6.683128356933594,5.1816816329956055,-7.435527324676514,5.1816816329956055
GewB_ID160920152711_201,1.0,FS199,FS199_OFas_BrGe,OFas_BrGe,-6.89652156829834,3.893221855163574,-6.587667465209961,3.893221855163574,-6.587667465209961,4.468048572540283,-6.89652156829834,4.468048572540283
GewB_ID160920152711_202,1.0,FS200,FS200_OFas_BrGe,OFas_BrGe,-7.337643623352051,2.0156357288360596,-6.587666988372803,2.0156357288360596,-6.587666988372803,2.3445630073547363,-7.337643623352051,2.3445630073547363
GewB_ID160920152711_203,1.0,FS201,FS201_OFas_BrGe,OFas_BrGe,-7.6379547119140625,2.0156357288360596,-7.349649429321289,2.0156357288360596,-7.349649429321289,2.3445630073547363,-7.6379547119140625,2.3445630073547363
GewB_ID160920152711_204,1.0,FS202,FS202_OFas_BrGe,OFas_BrGe,-6.789990425109863,1.2530930042266846,-6.587666988372803,1.2530930042266846,-6.587666988372803,1.621999740600586,-6.789990425109863,1.621999740600586
GewB_ID160920152711_205,1.0,FS203,FS203_OFas_BrGe,OFas_BrGe,-7.6379547119140625,1.2530930042266846,-6.801995277404785,1.2530930042266846,-6.801995277404785,1.621999740600586,-7.6379547119140625,1.621999740600586
GewB_ID160920152711_206,1.0,FS204,FS204_OFas_BrGe,OFas_BrGe,-7.6379547119140625,3.893221855163574,-7.430006504058838,3.893221855163574,-7.430006504058838,4.468048572540283,-7.6379547119140625,4.468048572540283
GewB_ID160920152711_207,1.0,FS205,FS205_OFas_BrGe,OFas_BrGe,-7.420788764953613,3.893221855163574,-6.587667465209961,3.893221855163574,-6.587667465209961,4.468048572540283,-7.420788764953613,4.468048572540283
GewB_ID160920152711_208,1.0,FS206,FS206_OFas_BrGe,OFas_BrGe,-7.420788764953613,3.893221855163574,-6.907931804656982,3.893221855163574,-6.907931804656982,4.468048572540283,-7.420788764953613,4.468048572540283
GewB_ID160920152711_209,1.0,FS207,FS207_OFas_BrGe,OFas_BrGe,-6.940201282501221,3.3234620094299316,-6.587666988372803,3.3234620094299316,-6.587666988372803,3.8897409439086914,-6.940201282501221,3.8897409439086914
GewB_ID160920152711_210,1.0,FS208,FS208_OFas_BrGe,OFas_BrGe,-7.10463809967041,2.3490614891052246,-6.587666988372803,2.3490614891052246,-6.587666988372803,2.8907668590545654,-7.10463809967041,2.8907668590545654
GewB_ID160920152711_211,1.0,FS209,FS209_OFas_BrGe,OFas_BrGe,-7.6379547119140625,2.3490614891052246,-7.404489517211914,2.3490614891052246,-7.404489517211914,2.8907668590545654,-7.6379547119140625,2.8907668590545654
GewB_ID160920152711_212,1.0,FS210,FS210_OFas_BrGe,OFas_BrGe,-7.537379741668701,2.899120330810547,-7.178310394287109,2.899120330810547,-7.178310394287109,3.3107893466949463,-7.537379741668701,3.3107893466949463
GewB_ID160920152711_213,1.0,FS211,FS211_OFas_BrGe,OFas_BrGe,-7.392483711242676,2.3490614891052246,-7.112891674041748,2.3490614891052246,-7.112891674041748,2.8907668590545654,-7.392483711242676,2.8907668590545654
GewB_ID160920152711_214,1.0,FS212,FS212_OFas_BrGe,OFas_BrGe,-7.6379547119140625,1.630013346672058,-7.297935485839844,1.630013346672058,-7.297935485839844,2.010650157928467,-7.6379547119140625,2.010650157928467
GewB_ID160920152711_215,1.0,FS213,FS213_OFas_BrGe,OFas_BrGe,-6.677919387817383,4.918389320373535,-6.587666988372803,4.918389320373535,-6.587666988372803,5.1816816329956055,-6.677919387817383,5.1816816329956055
GewB_ID160920152711_216,1.0,FS214,FS214_OFas_BrGe,OFas_BrGe,-7.641034126281738,4.918389320373535,-7.441514015197754,4.918389320373535,-7.441514015197754,5.1816816329956055,-7.641034126281738,5.1816816329956055
GewB_ID160920152711_217,1.0,FS215,FS215_OFas_BrGe,OFas_BrGe,-4.754801273345947,4.4751877784729,-4.340297698974609,4.4751877784729,-4.340297698974609,4.9114532470703125,-4.754801273345947,4.9114532470703125
GewB_ID160920152711_218,1.0,FS216,FS216_OFas_BrGe,OFas_BrGe,-4.3319411277771,4.475188255310059,-3.6516480445861816,4.475188255310059,-3.6516480445861816,4.718937873840332,-3.9481377601623535,4.718937873840332,-3.9504714012145996,4.9114532470703125,-4.3319411277771,4.9114532470703125
GewB_ID160920152711_219,1.0,FS217,FS217_OFas_BrGe,OFas_BrGe,-4.605292320251465,3.4159507751464844,-4.059722900390625,3.4159507751464844,-4.059722900390625,3.9498581886291504,-4.605292320251465,3.9498581886291504
GewB_ID160920152711_220,1.0,FS218,FS218_OFas_BrGe,OFas_BrGe,-4.003849506378174,2.979732036590576,-3.6516475677490234,2.979732036590576,-3.6516475677490234,3.40327787399292,-4.003849506378174,3.40327787399292
GewB_ID160920152711_221,1.0,FS219,FS219_OFas_BrGe,OFas_BrGe,-4.75172233581543,2.899120330810547,-4.021319389343262,2.899120330810547,-4.021319389343262,3.40327787399292,-4.75172233581543,3.40327787399292
GewB_ID160920152711_222,1.0,FS220,FS220_OFas_BrGe,OFas_BrGe,-4.75172233581543,3.4159507751464844,-4.612578392028809,3.4159507751464844,-4.612578392028809,3.9498581886291504,-4.75172233581543,3.9498581886291504
GewB_ID160920152711_223,1.0,FS221,FS221_OFas_BrGe,OFas_BrGe,-4.224445343017578,1.2551684379577637,-3.6516482830047607,1.2551684379577637,-3.6516482830047607,1.8187371492385864,-4.172442436218262,1.8187371492385864,-4.172442436218262,1.394943356513977,-4.224445343017578,1.3987761735916138
GewB_ID160920152711_224,1.0,FS222,FS222_OFas_BrGe,OFas_BrGe,-4.626241683959961,0.6587203145027161,-4.238896369934082,0.6587203145027161,-4.238896369934082,1.3949434757232666,-4.626241683959961,1.3949434757232666
GewB_ID160920152711_225,1.0,FS223,FS223_OFas_BrGe,OFas_BrGe,-3.8242945671081543,0.6587203145027161,-3.6516475677490234,0.6587203145027161,-3.6516475677490234,1.2446928024291992,-3.8242945671081543,1.2446928024291992
GewB_ID160920152711_226,1.0,FS224,FS224_OFas_BrGe,OFas_BrGe,-4.589571475982666,4.918389320373535,-3.9504709243774414,4.918389320373535,-3.9504709243774414,5.1816816329956055,-4.589571475982666,5.1816816329956055
GewB_ID160920152711_227,1.0,FS225,FS225_OFas_BrGe,OFas_BrGe,-4.006633758544922,3.9533395767211914,-3.6516482830047607,3.9533395767211914,-3.6516482830047607,4.468048572540283,-4.006633758544922,4.468048572540283
GewB_ID160920152711_228,1.0,FS226,FS226_OFas_BrGe,OFas_BrGe,-4.170492649078369,1.8237223625183105,-3.882880687713623,1.8237223625183105,-3.882880687713623,2.3977437019348145,-4.240607261657715,2.3977437019348145,-4.240607261657715,2.171057939529419,-4.170492649078369,2.171058177947998
GewB_ID160920152711_229,1.0,FS227,FS227_OFas_BrGe,OFas_BrGe,-4.75172233581543,1.8237223625183105,-4.1822967529296875,1.8237223625183105,-4.1822967529296875,2.161898612976074,-4.75172233581543,2.161898612976074
GewB_ID160920152711_230,1.0,FS228,FS228_OFas_BrGe,OFas_BrGe,-4.75172233581543,3.9533395767211914,-4.540119171142578,3.9533395767211914,-4.540119171142578,4.468048572540283,-4.75172233581543,4.468048572540283
GewB_ID160920152711_231,1.0,FS229,FS229_OFas_BrGe,OFas_BrGe,-4.530900955200195,3.9533395767211914,-3.6516482830047607,3.9533395767211914,-3.6516482830047607,4.468048572540283,-4.530900955200195,4.468048572540283
GewB_ID160920152711_232,1.0,FS230,FS230_OFas_BrGe,OFas_BrGe,-4.530900955200195,3.9533395767211914,-4.018044471740723,3.9533395767211914,-4.018044471740723,4.468048572540283,-4.530900955200195,4.468048572540283
GewB_ID160920152711_233,1.0,FS231,FS231_OFas_BrGe,OFas_BrGe,-4.050313949584961,3.4159507751464844,-3.6516475677490234,3.4159507751464844,-3.6516475677490234,3.9498581886291504,-4.050313949584961,3.9498581886291504
GewB_ID160920152711_234,1.0,FS232,FS232_OFas_BrGe,OFas_BrGe,-4.003143310546875,2.4022421836853027,-3.6516475677490234,2.4022421836853027,-3.6516475677490234,2.971378803253174,-4.003143310546875,2.971378803253174
GewB_ID160920152711_235,1.0,FS233,FS233_OFas_BrGe,OFas_BrGe,-4.75172233581543,2.1804444789886475,-4.622084617614746,2.1804444789886475,-4.622084617614746,2.8907668590545654,-4.75172233581543,2.8907668590545654
GewB_ID160920152711_236,1.0,FS234,FS234_OFas_BrGe,OFas_BrGe,-4.240607261657715,2.4022421836853027,-4.0214738845825195,2.4022421836853027,-4.0214738845825195,2.8907668590545654,-4.240607261657715,2.8907668590545654
GewB_ID160920152711_237,1.0,FS235,FS235_OFas_BrGe,OFas_BrGe,-4.754801273345947,4.918389320373535,-4.5955586433410645,4.918389320373535,-4.5955586433410645,5.1816816329956055,-4.754801273345947,5.1816816329956055
GewB_ID160920152711_238,1.0,FS236,FS236_OFas_BrGe,OFas_BrGe,-3.87522029876709,1.8237223625183105,-3.6516475677490234,1.8237223625183105,-3.6516475677490234,2.3977437019348145,-3.87522029876709,2.3977437019348145
GewB_ID160920152711_239,1.0,FS237,FS237_OFas_BrGe,OFas_BrGe,-4.224445343017578,0.6587203145027161,-3.8341989517211914,0.6587203145027161,-3.8341989517211914,1.2446928024291992,-4.224445343017578,1.2446928024291992
GewB_ID160920152711_240,1.0,FS238,FS238_OFas_BrGe,OFas_BrGe,-4.75172233581543,1.404439926147461,-4.1822967529296875,1.404439926147461,-4.1822967529296875,1.8141838312149048,-4.75172233581543,1.8141838312149048
GewB_ID160920152711_241,1.0,FS239,FS239_OFas_BrGe,OFas_BrGe,-4.749691486358643,0.6587203145027161,-4.634827613830566,0.6587203145027161,-4.634827613830566,1.3949434757232666,-4.749691486358643,1.3949434757232666
GewB_ID160920152711_242,1.0,FS240,FS240_OFas_BrGe,OFas_BrGe,-3.940736770629883,4.733270645141602,-3.6497817039489746,4.733270645141602,-3.6497817039489746,5.1816816329956055,-3.940736770629883,5.1816816329956055
GewB_ID160920152711_243,1.0,FS241,FS241_OFas_BrGe,OFas_BrGe,-1.8537993431091309,1.2359055280685425,-1.6356825828552246,1.2359055280685425,-1.6356825828552246,1.675490379333496,-1.8537993431091309,1.675490379333496
GewB_ID160920152711_244,1.0,FS242,FS242_OFas_BrGe,OFas_BrGe,-1.8537993431091309,1.6858861446380615,-1.6996715068817139,1.6858861446380615,-1.6996715068817139,2.0807547569274902,-1.8537993431091309,2.0807547569274902
GewB_ID160920152711_245,1.0,FS243,FS243_OFas_BrGe,OFas_BrGe,-1.8537993431091309,2.2474710941314697,-1.6032060384750366,2.2474710941314697,-1.6032060384750366,2.8079564571380615,-1.8537993431091309,2.8079564571380615
GewB_ID160920152711_246,1.0,FS244,FS244_OFas_BrGe,OFas_BrGe,-1.8537993431091309,3.989633560180664,-1.617928385734558,3.989633560180664,-1.617928385734558,4.486321926116943,-1.8537993431091309,4.486321926116943
GewB_ID160920152711_247,1.0,FS245,FS245_OFas_BrGe,OFas_BrGe,-1.8537993431091309,3.5377564430236816,-1.7415374517440796,3.5377564430236816,-1.7415374517440796,3.735834836959839,-1.6869325637817383,3.735834836959839,-1.6869325637817383,3.9740209579467773,-1.8537993431091309,3.9740209579467773
GewB_ID160920152711_248,1.0,FS246,FS246_OFas_BrGe,OFas_BrGe,-1.8537993431091309,0.6664347648620605,-1.5003166198730469,0.6664347648620605,-1.5003166198730469,1.2227145433425903,-1.8537993431091309,1.2227145433425903
GewB_ID160920152711_249,1.0,FS247,FS247_OFas_BrGe,OFas_BrGe,-1.620409607887268,1.2359055280685425,-1.5003163814544678,1.2359055280685425,-1.5003163814544678,1.675490379333496,-1.620409607887268,1.675490379333496
GewB_ID160920152711_250,1.0,FS248,FS248_OFas_BrGe,OFas_BrGe,-1.6810908317565918,1.6858861446380615,-1.4989562034606934,1.6858861446380615,-1.4989562034606934,2.239459991455078,-1.6810908317565918,2.239459991455078
GewB_ID160920152711_251,1.0,FS249,FS249_OFas_BrGe,OFas_BrGe,-1.8537993431091309,2.091984272003174,-1.6996715068817139,2.091984272003174,-1.6996715068817139,2.239459753036499,-1.8537993431091309,2.239459753036499
GewB_ID160920152711_252,1.0,FS250,FS250_OFas_BrGe,OFas_BrGe,-1.8537993431091309,2.8216094970703125,-1.724568486213684,2.8216094970703125,-1.724568486213684,3.517461061477661,-1.8537993431091309,3.517461061477661
GewB_ID160920152711_253,1.0,FS251,FS251_OFas_BrGe,OFas_BrGe,-1.7044299840927124,2.8216094970703125,-1.5892025232315063,2.8216094970703125,-1.5892025232315063,3.517461061477661,-1.7044299840927124,3.517461061477661
GewB_ID160920152711_254,1.0,FS252,FS252_OFas_BrGe,OFas_BrGe,-1.5830671787261963,2.2474710941314697,-1.500514268875122,2.2474710941314697,-1.500514268875122,2.8079564571380615,-1.5830671787261963,2.8079564571380615
GewB_ID160920152711_255,1.0,FS253,FS253_OFas_BrGe,OFas_BrGe,1.8241114616394043,0.6664347648620605,2.3804898262023926,0.6664347648620605,2.3804898262023926,1.2227145433425903,1.8241114616394043,1.2227145433425903
GewB_ID160920152711_256,1.0,FS254,FS254_OFas_BrGe,OFas_BrGe,1.8241114616394043,1.2319536209106445,2.272566795349121,1.2319536209106445,2.272566795349121,1.5421677827835083,1.8241114616394043,1.5421677827835083
GewB_ID160920152711_257,1.0,FS255,FS255_OFas_BrGe,OFas_BrGe,2.2860231399536133,1.2319536209106445,2.3804898262023926,1.2319536209106445,2.3804898262023926,1.5421677827835083,2.2860231399536133,1.5421677827835083
GewB_ID160920152711_258,1.0,FS256,FS256_OFas_BrGe,OFas_BrGe,1.8241114616394043,1.5514068603515625,2.3804898262023926,1.5514068603515625,2.3804898262023926,2.099052906036377,1.8241114616394043,2.099052906036377
GewB_ID160920152711_259,1.0,FS257,FS257_OFas_BrGe,OFas_BrGe,1.8241114616394043,2.1082918643951416,2.1387414932250977,2.1082918643951416,2.1387414932250977,2.504845142364502,1.8241114616394043,2.504845142364502
GewB_ID160920152711_260,1.0,FS258,FS258_OFas_BrGe,OFas_BrGe,2.156515121459961,2.1082918643951416,2.3804898262023926,2.1082918643951416,2.3804898262023926,2.504845142364502,2.156515121459961,2.504845142364502
GewB_ID160920152711_261,1.0,FS259,FS259_OFas_BrGe,OFas_BrGe,1.8241114616394043,2.517493724822998,2.3804898262023926,2.517493724822998,2.3804898262023926,3.0651397705078125,1.8241114616394043,3.0651397705078125
GewB_ID160920152711_262,1.0,FS260,FS260_OFas_BrGe,OFas_BrGe,2.195418357849121,3.077892780303955,2.3804898262023926,3.077892780303955,2.3804898262023926,3.6805472373962402,2.195418357849121,3.680546998977661
GewB_ID160920152711_263,1.0,FS261,FS261_OFas_BrGe,OFas_BrGe,2.195418357849121,3.6877994537353516,2.3804898262023926,3.6877994537353516,2.3804898262023926,3.9512710571289062,2.195418357849121,3.9512710571289062
GewB_ID160920152711_264,1.0,FS262,FS262_OFas_BrGe,OFas_BrGe,2.1362948417663574,3.9647464752197266,2.3804898262023926,3.9647464752197266,2.3804898262023926,4.278006553649902,2.1362948417663574,4.278006553649902
GewB_ID160920152711_265,1.0,FS263,FS263_OFas_BrGe,OFas_BrGe,1.8157832622528076,3.9647464752197266,2.1253249645233154,3.9647464752197266,2.1253249645233154,4.278006553649902,1.8157832622528076,4.278006553649902
GewB_ID160920152711_266,1.0,FS264,FS264_OFas_BrGe,OFas_BrGe,2.182971239089966,4.288370132446289,2.3804898262023926,4.288370132446289,2.3804898262023926,4.7675065994262695,2.2659554481506348,4.7675065994262695,2.265955686569214,4.870820045471191,2.182971239089966,4.870820045471191
GewB_ID160920152711_267,1.0,FS265,FS265_OFas_BrGe,OFas_BrGe,1.8297889232635498,4.288370609283447,2.169609308242798,4.288370609283447,2.169609308242798,4.710928916931152,2.010498523712158,4.710928916931152,2.010498523712158,4.870820045471191,1.8297889232635498,4.870820045471191
GewB_ID160920152711_268,1.0,FS266,FS266_OFas_BrGe,OFas_BrGe,1.9086546897888184,4.8798651695251465,2.3804900646209717,4.8798651695251465,2.3804900646209717,5.029821395874023,2.265955686569214,5.029821395874023,2.2659554481506348,5.133134841918945,1.9086546897888184,5.133134841918945
GewB_ID160920152711_269,1.0,FS267,FS267_OFas_BrGe,OFas_BrGe,2.2751688957214355,4.777408599853516,2.3804898262023926,4.777408599853516,2.3804898262023926,4.8712158203125,2.2751688957214355,4.8712158203125
GewB_ID160920152711_270,1.0,FS268,FS268_OFas_BrGe,OFas_BrGe,2.0179972648620605,4.720830917358398,2.1696090698242188,4.720830917358398,2.1696090698242188,4.8712158203125,2.0179972648620605,4.8712158203125
