ID,Hierarchy,Object,ShortName,Link,,,,,,,,,,,,,,,,,,,,,,,,,,,,,,,,,,,,,,,,,,,,,,,,
ID161213152328_29,1,BAT1131,PoGr_BAT1131,PoGr,1.232349693585599,4.378784309343825,1.2336408923160678,4.394737678484449,1.232824547101224,4.394737678484449,0.5738207934391147,4.394737678484449,0.5749413989078648,4.378784309343825,0.5786082385074741,4.363688484148512,0.5846038744938022,4.349784675554762,0.5927107165348179,4.337402473406325,0.5998298571598178,4.329909187273512,0.6028063891422397,4.326875129656324,0.6148681567203648,4.3185340652032,0.6284371874820834,4.312711311296949,1.1717541430484897,4.312711311296949,1.1868922350895053,4.3185340652032,1.2003489611637241,4.326875129656324,1.2118733141910678,4.337402473406325,1.2212153552066929,4.349784675554762,1.2281242297184116,4.363688484148512,,,,,,,,,,,,
ID161213152328_29,1,BAT1131,PoGr_BAT1131,PoGr,1.1717541430484897,4.312711311296949,0.6284371874820834,4.312711311296949,0.6284373400699741,4.290535865740309,0.6351364062320835,4.290535865740309,0.6583222888004429,4.290535865740309,1.139389488507474,4.2905361709160905,1.1717539904605991,4.2905361709160905,,,,,,,,,,,,,,,,,,,,,,,,,,,,,,,,,,
ID161213152328_29,1,BAT1131,PoGr_BAT1131,PoGr,1.139389488507474,4.2905361709160905,0.6583222888004429,4.290535865740309,0.6583222888004429,4.19585843654109,1.139389488507474,4.19585843654109,,,,,,,,,,,,,,,,,,,,,,,,,,,,,,,,,,,,,,,,
ID161213152328_29,1,BAT1131,PoGr_BAT1131,PoGr,1.1556614611637241,4.155656715349684,0.6431648180973178,4.155656715349684,0.6498518298160678,4.1493746718926525,0.6560186694156772,4.1423010024590585,0.6616223071109897,4.134487281755934,1.1330799792301303,4.134750648455152,1.1387762377750523,4.141486793474684,1.145099937726224,4.147634254412184,,,,,,,,,,,,,,,,,,,,,,,,,,,,,,,,
ID161213152328_29,1,BAT1131,PoGr_BAT1131,PoGr,1.1556614611637241,4.164481178240309,0.6431648180973178,4.164481178240309,0.6431648180973178,4.155656715349684,1.1556614611637241,4.155656715349684,,,,,,,,,,,,,,,,,,,,,,,,,,,,,,,,,,,,,,,,
ID161213152328_29,1,BAT1131,PoGr_BAT1131,PoGr,1.1556614611637241,4.164481178240309,1.162857506085599,4.165540748552809,1.1702035449039585,4.16846097560359,1.1742101977359898,4.174983802752028,1.1725778124820836,4.185518775896559,1.1632842944156772,4.1930779799981215,1.1491732714664584,4.195843482927809,1.139389488507474,4.19585843654109,0.6583222888004429,4.19585843654109,0.6532554553043491,4.195933204607496,0.6542683337223179,4.195928626970778,0.6487034533512241,4.195816627459059,0.6404144213688022,4.194598365740309,0.6334120104801303,4.191610694841871,0.6284535143863803,4.1867629775567154,0.6261747668277866,4.181165748552809,0.6263848803531772,4.174310890154372,0.6290504382145053,4.1691805800957775,0.6351365588199741,4.165867286638746,0.6431648180973178,4.164481178240309,,,,,,,,
ID161213152328_29,1,BAT1131,PoGr_BAT1131,PoGr,0.5181158373844272,4.471058479265699,0.5232026598941928,4.467709480242262,0.527772514630521,4.463733650164137,0.5317697070133335,4.459190803484449,0.5351379321109897,4.454140144304762,0.537821342755521,4.448642707781325,1.2476328967105992,4.448642707781325,1.2503161547672397,4.454140144304762,1.253684379864896,4.459190803484449,1.2576815722477084,4.463733650164137,1.2622515795719271,4.467709480242262,1.267338402081693,4.471058479265699,1.270057670880521,4.472479377703199,0.5153965685855991,4.472479377703199,,,,,,,,,,,,,,,,,,,,
ID161213152328_29,1,BAT1131,PoGr_BAT1131,PoGr,0.5153965685855991,4.5024226150078865,0.5153965685855991,4.472479377703199,1.270057670880521,4.472479377703199,1.270057670880521,4.5024226150078865,,,,,,,,,,,,,,,,,,,,,,,,,,,,,,,,,,,,,,,,
ID161213152328_29,1,BAT1131,PoGr_BAT1131,PoGr,0.537821342755521,4.448642707781325,0.537821342755521,4.394737678484449,1.2476328967105992,4.394737678484449,1.2476328967105992,4.448642707781325,,,,,,,,,,,,,,,,,,,,,,,,,,,,,,,,,,,,,,,,
ID161213152328_66,1,BAT1065,PoGr_BAT1065,PoGr,4.864801475812162,4.315278449968824,4.329377281476225,4.315278449968824,4.329377586652005,4.293103004412184,4.361662742902006,4.293103004412184,4.833690635968412,4.293103309587965,4.8648011706363805,4.293103309587965,,,,,,,,,,,,,,,,,,,,,,,,,,,,,,,,,,,,
ID161213152328_66,1,BAT1065,PoGr_BAT1065,PoGr,4.833690635968412,4.293103309587965,4.361662742902006,4.293103004412184,4.361662742902006,4.198425270037184,4.833690941144193,4.198425270037184,,,,,,,,,,,,,,,,,,,,,,,,,,,,,,,,,,,,,,,,
ID161213152328_66,1,BAT1065,PoGr_BAT1065,PoGr,4.268929283429349,4.3813514480157,4.273144371319974,4.366255622820387,4.280036461163724,4.352351203875075,4.2893553088199745,4.3399696120782,4.300851585675443,4.3294422683282,4.314275657941068,4.321100593523512,4.329377281476225,4.315278449968824,4.864801475812162,4.315278449968824,4.879353172589505,4.321101203875075,4.892288658429349,4.3294422683282,4.9033668444645055,4.3399696120782,4.912346641827787,4.352351814226637,4.918987877179349,4.366255622820387,4.923049461652005,4.3813514480157,4.92429091673013,4.397304817156324,4.267640831280912,4.397304817156324,,,,,,,,,,,,,,,,
ID161213152328_66,1,BAT1065,PoGr_BAT1065,PoGr,4.84933242063638,4.158223854021559,4.345430443097318,4.158223548845777,4.35259169798013,4.153040138201247,4.359195701886381,4.147203346209059,4.365196983624662,4.140756507830153,4.367956993390287,4.137317481951246,4.827625572491849,4.137317481951246,4.830285179425443,4.140756813005934,4.836067955304349,4.147203956560621,4.8424317858707555,4.153040138201247,,,,,,,,,,,,,,,,,,,,,,,,,,,,
ID161213152328_66,1,BAT1065,PoGr_BAT1065,PoGr,4.833690941144193,4.198425270037184,4.361662742902006,4.198425270037184,4.3546104357730995,4.198489356951247,4.342219993878568,4.197099586443434,4.333762962628568,4.1934441909356215,4.328026878644193,4.187128883318434,4.326644737530912,4.179355140642652,4.329878685284818,4.1719201430840585,4.339697410870755,4.167832923845777,4.345430443097318,4.167048316912184,4.84933242063638,4.167048316912184,4.85314101438638,4.167552467302809,4.86240126829263,4.1703942641778085,4.867162620831693,4.177551246599684,4.866330406476224,4.18663480372859,4.859239647198881,4.194315772966871,4.843877403546537,4.198368812517653,,,,,,,,,,,,,,
ID161213152328_66,1,BAT1065,PoGr_BAT1065,PoGr,4.84933242063638,4.167048316912184,4.345430443097318,4.167048316912184,4.345430443097318,4.158223548845777,4.84933242063638,4.158223854021559,,,,,,,,,,,,,,,,,,,,,,,,,,,,,,,,,,,,,,,,
ID161213152328_66,1,BAT1065,PoGr_BAT1065,PoGr,4.9850688097965365,4.504989753679762,4.230407249737943,4.504989753679762,4.230407249737943,4.475046516375074,4.9850688097965365,4.475046516375074,,,,,,,,,,,,,,,,,,,,,,,,,,,,,,,,,,,,,,,,
ID161213152328_66,1,BAT1065,PoGr_BAT1065,PoGr,4.9850688097965365,4.475046516375074,4.230407249737943,4.475046516375074,4.23573134641763,4.47203260035945,4.24485732298013,4.464096198992262,4.249855797101224,4.456641365007887,4.2528321764957555,4.451209236101637,4.962643577862943,4.4512098464531995,4.966929161359037,4.459292732195387,4.974909202862943,4.468363166765699,,,,,,,,,,,,,,,,,,,,,,,,,,,,,,
ID161213152328_66,1,BAT1065,PoGr_BAT1065,PoGr,4.2528321764957555,4.397304817156324,4.962643577862943,4.397304817156324,4.962643577862943,4.4512098464531995,4.2528321764957555,4.451209236101637,,,,,,,,,,,,,,,,,,,,,,,,,,,,,,,,,,,,,,,,
ID161213152328_1,1,X22,X22_PoGr,PoGr,4.92539931516763,2.170272804216871,5.210937034894194,2.170272804216871,5.210936424542631,2.7653887710137464,4.9120274279605995,2.765359474138746,,,,,,,,,,,,,,,,,,,,,,,,,,,,,,,,,,,,,,,,
ID161213152328_2,1,BAT1069,BAT1069_PoGr,PoGr,4.025581810284818,2.4875655898614024,4.025581810284818,2.1673603591485118,4.3291694567691925,2.1673605117364025,4.639212181378568,2.1673605117364025,4.639211876202786,2.4875655898614024,4.639211571027006,2.7700619277520278,4.3291694567691925,2.770061622576246,3.986542503644193,2.770061622576246,3.986542503644193,2.4875655898614024,,,,,,,,,,,,,,,,,,,,,,,,,,,,,,
ID161213152328_3,1,BAT1058,BAT1058_PoGr,PoGr,4.65003554563638,2.7636517104668714,4.910735618878568,2.7636523208184336,4.893618919659818,3.168660865740309,4.649894859601225,3.168660865740309,,,,,,,,,,,,,,,,,,,,,,,,,,,,,,,,,,,,,,,,
ID161213152328_4,1,BAT1045,BAT1045_PoGr,PoGr,1.458705894757474,2.480794044451246,1.5286842272770054,2.480794044451246,1.5286842272770054,2.7522921523614023,1.458705894757474,2.7525402602715587,0.7988241503727085,2.7547616347832777,0.7988239977848178,2.153157325701246,1.458705894757474,2.153157325701246,1.458705894757474,2.480794044451246,,,,,,,,,,,,,,,,,,,,,,,,,,,,,,,,
ID161213152328_5,1,BAT1049_Neu,BAT1049_Neu_PoGr,PoGr,4.909509727765287,4.775897346453199,4.9095094225895055,4.828931404070387,4.569301903058255,4.828931404070387,4.569301903058255,4.775897346453199,,,,,,,,,,,,,,,,,,,,,,,,,,,,,,,,,,,,,,,,
ID161213152328_5,1,BAT1049_Neu,BAT1049_Neu_PoGr,PoGr,4.848351280499662,4.505000129656325,4.848351585675443,4.723045173601637,4.569301903058255,4.723045783953199,4.569301903058255,4.505000129656325,,,,,,,,,,,,,,,,,,,,,,,,,,,,,,,,,,,,,,,,
ID161213152328_5,1,BAT1049_Neu,BAT1049_Neu_PoGr,PoGr,5.262599632550444,4.775896736101637,5.262586204816069,4.828931404070387,4.9095094225895055,4.828931404070387,4.909509727765287,4.775897346453199,,,,,,,,,,,,,,,,,,,,,,,,,,,,,,,,,,,,,,,,
ID161213152328_5,1,BAT1049_Neu,BAT1049_Neu_PoGr,PoGr,4.848351585675443,4.723045173601637,5.201452781964506,4.723045173601637,5.207291405011381,4.736735969500074,5.213719017316069,4.749167610125075,5.221322166730131,4.7590797195000745,5.230540916730131,4.765544563250074,5.2407429430973185,4.769981208757887,5.251526024152006,4.773234992937574,5.262599632550444,4.775896736101637,4.909509727765287,4.775897346453199,4.903954613019193,4.774602790789137,4.8984358141910675,4.773234992937574,4.89298964719888,4.771718879656325,4.887652122784818,4.769981208757887,4.88245986204263,4.767947517351637,4.877449486066068,4.765544563250074,4.872656395245755,4.762697883562574,4.868228905011381,4.7590797195000745,4.864243004132474,4.754517341570387,4.86062392454263,4.749167610125075,4.857298729230131,4.743187995867262,4.8541938708316925,4.7367365798516365,4.8512358019840365,4.729969612078199,,
ID161213152328_5,1,BAT1049_Neu,BAT1049_Neu_PoGr,PoGr,5.201505272198881,4.505000129656325,5.201452781964506,4.723045173601637,4.848351585675443,4.723045173601637,4.848351280499662,4.505000129656325,,,,,,,,,,,,,,,,,,,,,,,,,,,,,,,,,,,,,,,,
ID161213152328_5,1,BAT1049_Neu,BAT1049_Neu_PoGr,PoGr,4.569301903058255,4.723045783953199,4.848351585675443,4.723045173601637,4.8512358019840365,4.729969612078199,4.8512358019840365,4.729969612078199,4.8541938708316925,4.7367365798516365,4.857298729230131,4.743187995867262,4.86062392454263,4.749167610125075,4.864243004132474,4.754517341570387,4.868228905011381,4.7590797195000745,4.872656395245755,4.762697883562574,4.877449486066068,4.765544563250074,4.88245986204263,4.767947517351637,4.887652122784818,4.769981208757887,4.89298964719888,4.771718879656325,4.8984358141910675,4.773234992937574,4.903954613019193,4.774602790789137,4.909509727765287,4.775897346453199,4.569301903058255,4.775897346453199,,,,,,,,,,,,
ID161213152328_6,1,X0,X0_PoGr,PoGr,0.8397111437809116,3.1538094863457777,0.5893260119449741,3.153809181169996,0.5892527697574741,3.153809181169996,0.5650767443668491,2.7587688979668714,0.5651725695621616,2.7587688979668714,0.8320338366520054,2.7577157363457774,,,,,,,,,,,,,,,,,,,,,,,,,,,,,,,,,,,,
ID161213152328_8,1,x9,x9_PoGr,PoGr,3.098957054425443,5.105732551531324,3.098957054425443,5.214613777117262,2.3171722338688023,5.214613777117262,2.3171720812809116,5.105732551531324,,,,,,,,,,,,,,,,,,,,,,,,,,,,,,,,,,,,,,,,
ID161213152328_9,1,x010,x010_PoGr,PoGr,2.316491081525052,5.107645393328199,2.316491081525052,5.207226692156325,1.3285829089176304,5.207226692156325,1.3285829089176304,5.107645393328199,,,,,,,,,,,,,,,,,,,,,,,,,,,,,,,,,,,,,,,,
ID161213152328_10,1,x011,x011_PoGr,PoGr,2.738173668194974,4.829574104265699,2.738173668194974,5.105468879656325,1.691044456769193,5.105468879656325,1.691044456769193,4.829574104265699,,,,,,,,,,,,,,,,,,,,,,,,,,,,,,,,,,,,,,,,
ID161213152328_11,1,x012,x012_PoGr,PoGr,1.3272309802066928,5.107645393328199,1.3272309802066928,5.207207771257887,0.5304397509586459,5.207207771257887,0.5304397509586459,5.107645393328199,,,,,,,,,,,,,,,,,,,,,,,,,,,,,,,,,,,,,,,,
ID161213152328_12,1,X14,X14_PoGr,PoGr,2.719605247784818,6.766709724382887,2.4263079760563024,6.620061164812575,2.5432777331363803,6.4053260573907,2.7113124011051304,6.483632942156325,2.8793473742496616,6.409690071062575,2.9910795519840367,6.628790412859449,,,,,,,,,,,,,,,,,,,,,,,,,,,,,,,,,,,,
ID161213152328_13,1,X16,X16_PoGr,PoGr,0.5902946398746616,4.498811164812574,0.9209495471012241,4.498811164812574,0.9209495471012241,4.8265125808282,0.5902946398746616,4.8265125808282,,,,,,,,,,,,,,,,,,,,,,,,,,,,,,,,,,,,,,,,
ID161213152328_14,1,X17,X17_PoGr,PoGr,0.2318597338688022,4.498515144304762,0.5883756945621615,4.498515144304762,0.5883756945621615,4.8254206618828865,0.2318597338688022,4.8254206618828865,,,,,,,,,,,,,,,,,,,,,,,,,,,,,,,,,,,,,,,,
ID161213152328_15,1,X021,X021_PoGr,PoGr,0.13304335813638032,4.315431648211012,0.20732344846841158,4.315431648211012,0.20732344846841158,4.133131690935621,0.6792695544254429,4.133131690935621,0.6792695544254429,4.315431648211012,0.6797254870426304,4.315431648211012,0.6797253344547397,4.315431648211012,0.6741293261539585,4.315431648211012,0.6732018969547398,4.315431648211012,0.6711907885563022,4.315431648211012,0.6634359667789584,4.315431648211012,0.6499410937320834,4.315431648211012,0.6499410937320834,4.347102790789137,0.6499410937320834,4.3925770339531995,0.6499410937320834,4.393237434343824,0.6499410937320834,4.394737678484449,0.6499409411441929,4.396686531023512,0.6499409411441929,4.397544685320387,0.6499409411441929,4.400349250750074,0.6499409411441929,4.406051765398512,0.6499409411441929,4.497731452898512,0.13304335813638032,4.497731452898512,,,,
ID161213152328_16,1,X22_ncl1_1,X22_ncl1_1_PoGr,PoGr,1.1494235156070836,1.077290779070387,1.440014946271146,1.0772906264824962,1.4400150988590366,1.5587865981621838,1.1494235156070836,1.5587865981621838,,,,,,,,,,,,,,,,,,,,,,,,,,,,,,,,,,,,,,,,
ID161213152328_17,1,X023,X023_PoGr,PoGr,4.912786094952787,2.76636136622859,5.2110798571598185,2.766361061052809,5.211080467511381,3.1785430678887465,4.89669570188638,3.1777636489434338,,,,,,,,,,,,,,,,,,,,,,,,,,,,,,,,,,,,,,,,
ID161213152328_18,1,X024,X024_PoGr,PoGr,4.896190941144193,3.1784466323418714,5.211686546612944,3.1784466323418714,5.211686546612944,3.6255035171074965,4.885764915753568,3.624723487810621,,,,,,,,,,,,,,,,,,,,,,,,,,,,,,,,,,,,,,,,
ID161213152328_21,1,X027,X027_PoGr,PoGr,4.04922499876138,1.0923103103203868,4.329275657941068,1.0923102340264417,4.329275657941068,1.5738061294121837,4.04922499876138,1.5738062820000744,,,,,,,,,,,,,,,,,,,,,,,,,,,,,,,,,,,,,,,,
ID161213152328_24,1,X030,X030_PoGr,PoGr,4.93752333860513,1.0971500167412853,5.217573997784818,1.09714994044734,5.217573997784818,1.578646064714918,4.93752333860513,1.578646064714918,,,,,,,,,,,,,,,,,,,,,,,,,,,,,,,,,,,,,,,,
ID161213152328_25,1,X031,X031_PoGr,PoGr,0.26989455442544286,1.0753307876153089,0.5507995532047397,1.0753307876153089,0.5507997057926304,1.5587522658867932,0.2698944018375522,1.558752723650465,,,,,,,,,,,,,,,,,,,,,,,,,,,,,,,,,,,,,,,,
ID161213152328_26,1,X032,X032_PoGr,PoGr,0.26989455442544286,2.153537116961012,0.5507995532047397,2.153537116961012,0.5655114672672398,2.7443615493340587,0.26989455442544286,2.74436185450984,,,,,,,,,,,,,,,,,,,,,,,,,,,,,,,,,,,,,,,,
ID161213152328_27,1,X033,X033_PoGr,PoGr,0.26989455442544286,2.744421668962965,0.5643958971988804,2.744421668962965,0.5891401598941929,3.1632220229668713,0.26989455442544286,3.163222633318434,,,,,,,,,,,,,,,,,,,,,,,,,,,,,,,,,,,,,,,,
ID161213152328_28,1,X034,X034_PoGr,PoGr,0.2698944018375522,3.6054964980645274,0.2698944018375522,3.16436673732234,0.7707520983707553,3.16436673732234,0.770753471661771,3.6054961928887463,,,,,,,,,,,,,,,,,,,,,,,,,,,,,,,,,,,,,,,,
ID161213152328_30,1,X19,X19_PoGr,PoGr,0.2086021349918491,0.39347409816218376,0.16518508176919283,0.38144239039851185,0.5066583178531772,0.38144239039851185,0.5340818713199741,0.39347409816218376,,,,,,,,,,,,,,,,,,,,,,,,,,,,,,,,,,,,,,,,
ID161213152328_30,1,X19,X19_PoGr,PoGr,0.5066583178531772,0.38144239039851185,0.16518508176919283,0.38144239039851185,0.16518508176919283,0.12306439967585561,0.5066581652652866,0.12306439967585561,,,,,,,,,,,,,,,,,,,,,,,,,,,,,,,,,,,,,,,,
ID161213152328_30,1,X19,X19_PoGr,PoGr,0.2301623461734897,0.5155185470147228,0.5477000353824741,0.5155185470147228,0.5477000353824741,0.5502694472832775,0.2301623461734897,0.5502694472832775,,,,,,,,,,,,,,,,,,,,,,,,,,,,,,,,,,,,,,,,
ID161213152328_30,1,X19,X19_PoGr,PoGr,0.2086021349918491,0.39347409816218376,0.5340818713199741,0.39347409816218376,0.5292602465641147,0.39347409816218376,0.5184327624332553,0.3976096877617931,0.5113156054508334,0.40486951442194935,0.5079142687809116,0.4143400344414806,0.505587456036771,0.4434753188653087,0.5065023730289585,0.46865674586726186,0.5103892443668491,0.4879254684014416,0.5170306323063022,0.5019221267266368,0.5259965441715366,0.510134788469801,0.5366306994449741,0.5141245803399181,0.5477000353824741,0.5155185470147228,0.2301623461734897,0.5155185470147228,0.19000258665200534,0.5076110610528087,0.17271559934731784,0.4909392318291759,0.16440139036294285,0.4653709182305431,0.1670793078434116,0.41463666530085563,0.1725584338199741,0.40486951442194935,0.18059462766763035,0.39904370875788686,,,,,,,,
ID161213152328_30,1,X19,X19_PoGr,PoGr,0.2301623461734897,0.5502694472832775,0.5477000353824741,0.5502694472832775,0.5596751330387241,0.5619991836114026,0.5691798327457553,0.5780536422295666,0.5745861742984897,0.5947770461602306,0.5769796679508334,0.60673978419734,0.2765180895816928,0.60673978419734,0.27000334959145844,0.5884394607110118,0.2608416674625522,0.5734924087090587,0.2450187609684116,0.55892972560359,,,,,,,,,,,,,,,,,,,,,,,,,,,,
ID161213152328_31,1,X15,X15_PoGr,PoGr,4.167723839093411,5.214758430437574,5.147891990948881,5.215235115007887,5.147948753644194,5.318950324968824,4.167719261456693,5.320736823992262,,,,,,,,,,,,,,,,,,,,,,,,,,,,,,,,,,,,,,,,
ID161213152328_31,1,X15,X15_PoGr,PoGr,4.167719566632474,5.332381111101637,5.162304832745756,5.330565925554762,5.162325584698881,5.342418342546949,4.167719871808256,5.344233528093825,,,,,,,,,,,,,,,,,,,,,,,,,,,,,,,,,,,,,,,,
ID161213152328_31,1,X15,X15_PoGr,PoGr,5.156273338605131,5.329695564226637,5.162304832745756,5.330565925554762,4.167719566632474,5.332381111101637,4.167719261456693,5.320736823992262,5.147948753644194,5.318950324968824,5.148986961652006,5.3223951491875745,5.150943748761381,5.326021858171949,,,,,,,,,,,,,,,,,,,,,,,,,,,,,,,,,,
ID161213152328_31,1,X15,X15_PoGr,PoGr,4.16772109251138,5.367724128679762,4.167719871808256,5.344233528093825,5.162325584698881,5.342418342546949,5.175753319073881,5.346728645281324,5.181684715558256,5.349367195086012,5.184895164777006,5.352601448015699,5.185383446027006,5.356431404070387,5.183150169659818,5.360856452898512,5.178195946027006,5.365877815203199,,,,,,,,,,,,,,,,,,,,,,,,,,,,,,
ID161213152328_31,1,X15,X15_PoGr,PoGr,5.266030418683256,5.469339118914137,5.240981590558256,5.469976936296949,5.050488426495756,5.469976936296949,5.002759239484036,5.469976936296949,4.979725181866849,5.469976936296949,4.783433067609037,5.469976936296949,4.73813369016763,5.469976936296949,4.167724449444974,5.4713599929375745,4.16772109251138,5.367724128679762,5.178195946027006,5.365877815203199,5.178195946027006,5.365877815203199,5.198958885480131,5.371874519304762,5.212517235089506,5.376787849382887,5.224606468487943,5.383272834734449,5.235225975323881,5.391328865007887,5.244376365948881,5.400956550554762,5.252057030011381,5.412154670671949,5.258366234112944,5.425122199968825,5.262478172589506,5.435247932390699,5.265027000714506,5.4458430251641365,5.266013328839506,5.456906867937574,,,,,,
ID161213152328_31,1,X15,X15_PoGr,PoGr,4.613362572003568,5.798759895281324,4.57579726438638,5.723739753679762,5.050488426495756,5.469976936296949,5.240981590558256,5.469976936296949,,,,,,,,,,,,,,,,,,,,,,,,,,,,,,,,,,,,,,,,
ID161213152328_31,1,X15,X15_PoGr,PoGr,4.57579726438638,5.723739753679762,4.5651164172184115,5.702409187273512,5.002759239484036,5.469976936296949,5.050488426495756,5.469976936296949,,,,,,,,,,,,,,,,,,,,,,,,,,,,,,,,,,,,,,,,
ID161213152328_31,1,X15,X15_PoGr,PoGr,4.560905906964505,5.693999763445387,4.521419212628568,5.615142341570387,4.783433067609037,5.469976936296949,4.979725181866849,5.469976936296949,,,,,,,,,,,,,,,,,,,,,,,,,,,,,,,,,,,,,,,,
ID161213152328_31,1,X15,X15_PoGr,PoGr,4.5651164172184115,5.702409187273512,4.560905906964505,5.693999763445387,4.979725181866849,5.469976936296949,5.002759239484036,5.469976936296949,,,,,,,,,,,,,,,,,,,,,,,,,,,,,,,,,,,,,,,,
ID161213152328_31,1,X15,X15_PoGr,PoGr,4.73813369016763,5.469976936296949,4.783433067609037,5.469976936296949,4.521419212628568,5.615142341570387,4.511738426495755,5.595705696062574,,,,,,,,,,,,,,,,,,,,,,,,,,,,,,,,,,,,,,,,
ID161213152328_32,1,X13,X13_PoGr,PoGr,2.064893333722318,6.275049568132887,2.1190684435855993,6.175323005632887,2.5406109545719273,6.404319587664137,2.486435844708646,6.504046150164137,,,,,,,,,,,,,,,,,,,,,,,,,,,,,,,,,,,,,,,,
ID161213152328_32,1,X13,X13_PoGr,PoGr,2.0606852648746616,6.282796150164137,2.064893333722318,6.275049568132887,2.486435844708646,6.504046150164137,2.4822279284488804,6.511792732195387,,,,,,,,,,,,,,,,,,,,,,,,,,,,,,,,,,,,,,,,
ID161213152328_32,1,X13,X13_PoGr,PoGr,2.046677543927396,6.308581672625074,2.0606852648746616,6.282796150164137,2.4822279284488804,6.511792732195387,2.4682200549137243,6.537578254656324,,,,,,,,,,,,,,,,,,,,,,,,,,,,,,,,,,,,,,,,
ID161213152328_32,1,X13,X13_PoGr,PoGr,2.0020117114078646,6.390803352312575,2.046677543927396,6.308581672625074,2.4682200549137243,6.537578254656324,2.423554222394193,6.619799934343824,,,,,,,,,,,,,,,,,,,,,,,,,,,,,,,,,,,,,,,,
ID161213152328_33,1,X7,X7_PoGr,PoGr,0.27666167478677095,0.6058973464531994,0.5626647875797397,0.6058973464531994,0.5626647875797397,1.0796832046074962,0.27666213255044286,1.0796832046074962,,,,,,,,,,,,,,,,,,,,,,,,,,,,,,,,,,,,,,,,
ID161213152328_33,1,X7,X7_PoGr,PoGr,0.5626647875797397,1.0796832046074962,0.5626647875797397,0.6058973464531994,0.869282524396146,0.6060339889092541,0.8692903063785679,1.0796827468438244,,,,,,,,,,,,,,,,,,,,,,,,,,,,,,,,,,,,,,,,
ID161213152328_34,1,X6,X6_PoGr,PoGr,1.4467405627262242,1.0804972610039807,1.1607372973453647,1.0804972610039807,1.1607374499332554,0.6067114028496837,1.4467405627262242,0.6067114028496837,,,,,,,,,,,,,,,,,,,,,,,,,,,,,,,,,,,,,,,,
ID161213152328_34,1,X6,X6_PoGr,PoGr,1.1607374499332554,0.6067114028496837,1.1607372973453647,1.0804972610039807,0.8688616869938022,1.08036038966609,0.8688540575992709,0.6067114028496837,,,,,,,,,,,,,,,,,,,,,,,,,,,,,,,,,,,,,,,,
ID161213152328_35,1,X5,X5_PoGr,PoGr,4.926294700909818,1.5747698745293712,4.3272801135074745,1.5747698745293712,4.3272801135074745,1.0931287154717542,4.926294700909818,1.0931287154717542,,,,,,,,,,,,,,,,,,,,,,,,,,,,,,,,,,,,,,,,
ID161213152328_36,1,X4,X4_PoGr,PoGr,4.876736595441068,3.6250750503106213,4.87803115110513,3.6250750503106213,4.856208641339506,4.137168556169996,,,,,,,,,,,,,,,,,,,,,,,,,,,,,,,,,,,,,,,,,,
ID161213152328_36,1,X4,X4_PoGr,PoGr,4.856208641339506,4.137168556169996,4.87803115110513,3.6250750503106213,5.224792625714506,3.6250750503106213,5.224068748761381,4.137168556169996,,,,,,,,,,,,,,,,,,,,,,,,,,,,,,,,,,,,,,,,
ID161213152328_36,1,X4,X4_PoGr,PoGr,4.856208641339506,4.137168556169996,4.638401634503568,4.137168861345778,4.639125206280911,3.625075660662184,4.876736595441068,3.6250750503106213,,,,,,,,,,,,,,,,,,,,,,,,,,,,,,,,,,,,,,,,
ID161213152328_37,1,X2,X2_PoGr,PoGr,0.8598104784977085,3.607131324724684,1.1306684802066929,3.607503028826246,1.1190356371891148,4.133701759294996,0.8722126696598178,4.133362709002028,,,,,,,,,,,,,,,,,,,,,,,,,,,,,,,,,,,,,,,,
ID161213152328_38,1,X1,X1_PoGr,PoGr,0.5531530688297397,1.5574334487481212,0.5612803576480991,2.152811256365309,0.27384352903481785,2.15281156154109,0.2738424609195835,1.5574337539239025,,,,,,,,,,,,,,,,,,,,,,,,,,,,,,,,,,,,,,,,
ID161213152328_38,1,X1,X1_PoGr,PoGr,0.5531530688297397,1.5574334487481212,0.863271782208646,1.5574332961602306,0.8632720873844272,2.15281156154109,0.5612803576480991,2.152811256365309,,,,,,,,,,,,,,,,,,,,,,,,,,,,,,,,,,,,,,,,
ID161213152328_39,1,BAT1053,BAT1053_PoGr,PoGr,1.126513511944974,3.606249366716871,0.6178012011539584,3.6062499770684338,0.5895674059879429,3.153745704607496,1.1452296374332553,3.1537444839043713,,,,,,,,,,,,,,,,,,,,,,,,,,,,,,,,,,,,,,,,
ID161213152328_40,1,BAT1067,BAT1067_PoGr,PoGr,0.8273664782535679,2.7577154311699963,1.1441972277652865,2.7577154311699963,1.1274113390934115,3.154022804216871,0.8371446154605992,3.154022804216871,,,,,,,,,,,,,,,,,,,,,,,,,,,,,,,,,,,,,,,,
ID161213152328_41,1,BAT1094,BAT1094_PoGr,PoGr,4.63840224485513,4.137169166521558,4.398219749737943,4.136970191912184,4.3718330309879425,3.625222145037184,4.638184349347318,3.6254318007989026,,,,,,,,,,,,,,,,,,,,,,,,,,,,,,,,,,,,,,,,
ID161213152328_42,1,X035,X035_PoGr,PoGr,3.0989567492496617,5.191754890398512,3.0989567492496617,5.105376716570387,3.6743348620426306,5.105376716570387,3.6743348620426306,5.191754890398512,,,,,,,,,,,,,,,,,,,,,,,,,,,,,,,,,,,,,,,,
ID161213152328_42,1,X035,X035_PoGr,PoGr,3.0989567492496617,5.213458991961012,3.0989567492496617,5.191754890398512,3.6743348620426306,5.191754890398512,3.6743348620426306,5.213458991961012,,,,,,,,,,,,,,,,,,,,,,,,,,,,,,,,,,,,,,,,
ID161213152328_44,1,BAT1121_alternativ,BAT1121_alternativ_PoGr,PoGr,0.7869737170230992,0.12245038600398062,1.4938444445621617,0.12245023341608999,1.4938444445621617,0.25485471339655874,0.7869738696109897,0.25485471339655874,,,,,,,,,,,,,,,,,,,,,,,,,,,,,,,,,,,,,,,,
ID161213152328_44,1,BAT1121_alternativ,BAT1121_alternativ_PoGr,PoGr,0.7869750903141147,0.2884916457696056,1.4468344042789585,0.2884916457696056,1.4468344042789585,0.6060035476250744,0.7869761584293491,0.6060035476250744,,,,,,,,,,,,,,,,,,,,,,,,,,,,,,,,,,,,,,,,
ID161213152328_44,1,BAT1121_alternativ,BAT1121_alternativ_PoGr,PoGr,0.7869738696109897,0.25485471339655874,1.4938444445621617,0.25485471339655874,1.471400902081693,0.2600718459649181,1.4564442370426303,0.27167462916804314,1.4468344042789585,0.2884916457696056,0.7869750903141147,0.2884916457696056,,,,,,,,,,,,,,,,,,,,,,,,,,,,,,,,,,,,
ID161213152328_44,1,BAT1119,BAT1119_PoGr,PoGr,4.843098289777005,5.075440193132887,4.843098289777005,5.1009333571953865,3.937774193097318,5.100932746843824,3.9377738879215367,5.075439582781325,,,,,,,,,,,,,,,,,,,,,,,,,,,,,,,,,,,,,,,,
ID161213152328_44,1,BAT1119,BAT1119_PoGr,PoGr,3.9377738879215367,5.075439582781325,3.937774193097318,4.8293885573907,4.843098289777005,4.829389167742262,4.843098289777005,5.075440193132887,,,,,,,,,,,,,,,,,,,,,,,,,,,,,,,,,,,,,,,,
ID161213152328_45,1,BAT1127,BAT1127_PoGr,PoGr,5.212478172589506,1.0928069839043713,4.9264750597965365,1.0928069839043713,4.9264750597965365,0.6067114028496837,5.212478172589506,0.6067114028496837,,,,,,,,,,,,,,,,,,,,,,,,,,,,,,,,,,,,,,,,
ID161213152328_45,1,BAT1127,BAT1127_PoGr,PoGr,4.9264750597965365,1.0928069839043713,4.653918602277005,1.0926701125664806,4.630677940655912,0.6067112502617932,4.9264750597965365,0.6067114028496837,,,,,,,,,,,,,,,,,,,,,,,,,,,,,,,,,,,,,,,,
ID161213152328_46,1,BAT1112,BAT1112_PoGr,PoGr,4.567303001691068,4.769004035906325,4.567303001691068,4.824587532000074,3.6786659167301305,4.824587532000074,3.6786659167301305,4.769004035906325,,,,,,,,,,,,,,,,,,,,,,,,,,,,,,,,,,,,,,,,
ID161213152328_46,1,BAT1112,BAT1112_PoGr,PoGr,4.567303001691068,4.717155281023512,4.567303001691068,4.769004035906325,3.6786659167301305,4.769004035906325,3.6786659167301305,4.717155281023512,,,,,,,,,,,,,,,,,,,,,,,,,,,,,,,,,,,,,,,,
ID161213152328_46,1,BAT1112,BAT1112_PoGr,PoGr,4.567303001691068,4.507426277117262,4.567303001691068,4.717155281023512,3.6786659167301305,4.717155281023512,3.6786662219059116,4.507426277117262,,,,,,,,,,,,,,,,,,,,,,,,,,,,,,,,,,,,,,,,
ID161213152328_47,1,BAT1130,BAT1130_PoGr,PoGr,5.287324363995756,0.39347425075007436,5.010325157452788,0.39347425075007436,5.037748558331693,0.3814425429864025,5.330741112042631,0.3814425429864025,,,,,,,,,,,,,,,,,,,,,,,,,,,,,,,,,,,,,,,,
ID161213152328_47,1,BAT1130,BAT1130_PoGr,PoGr,5.330741112042631,0.3814425429864025,5.037748558331693,0.3814425429864025,5.037748863507475,0.12306455226374624,5.330741112042631,0.12306455226374624,,,,,,,,,,,,,,,,,,,,,,,,,,,,,,,,,,,,,,,,
ID161213152328_47,1,BAT1130,BAT1130_PoGr,PoGr,4.996706993390287,0.5502694472832775,5.265763695050444,0.5502694472832775,5.250285789777006,0.5593727645440197,5.236218406964506,0.5721159133477306,5.224823143292631,0.5908514174981212,5.219408104230131,0.60673978419734,4.9674275134098185,0.60673978419734,4.969523155499663,0.5960105666680431,4.972426292706693,0.5856094893975353,4.976818077374662,0.574526649431715,4.981706688214506,0.566094261126051,4.988480980206694,0.5576654586358165,,,,,,,,,,,,,,,,,,,,,,,,
ID161213152328_47,1,BAT1130,BAT1130_PoGr,PoGr,5.287324363995756,0.39347425075007436,5.304009544659818,0.3951328811211681,5.323704979230131,0.40523801417780875,5.330654442120756,0.4232829055352306,5.332573387433256,0.44990521998835564,5.330166771222318,0.4726547011895275,5.323493797589506,0.49044538112116814,5.309571068097319,0.5055092391533946,5.291267845441069,0.512663856462965,5.265763695050444,0.5155186233086682,4.996706993390287,0.5155186233086682,5.009899132062162,0.5135827407403087,5.022951805402006,0.5068646010918713,5.031228782941069,0.49521367640925407,5.035606224347318,0.4821220931573009,5.0380891345035685,0.4669611892266369,5.038904259015287,0.44883420558405873,5.037983848859037,0.4270847854180431,5.035800010968412,0.4114439162774181,5.031477806378568,0.4025080642266369,5.0241291735660685,0.39656781764460564,5.010325157452788,0.39347425075007436,,,,
ID161213152328_47,1,BAT1130,BAT1130_PoGr,PoGr,4.996706993390287,0.5155186233086682,5.265763695050444,0.5155186233086682,5.265763695050444,0.5502694472832775,4.996706993390287,0.5502694472832775,,,,,,,,,,,,,,,,,,,,,,,,,,,,,,,,,,,,,,,,
ID161213152328_48,1,BAT1007,BAT1007_PoGr,PoGr,1.8431919787418491,4.7483338698907,1.8431919787418491,4.776760383562574,0.9217173693668491,4.776759773211012,0.9217173693668491,4.7483338698907,,,,,,,,,,,,,,,,,,,,,,,,,,,,,,,,,,,,,,,,
ID161213152328_48,1,BAT1007,BAT1007_PoGr,PoGr,1.8431919787418491,4.504346443132887,1.8431919787418491,4.7483338698907,0.9217173693668491,4.7483338698907,0.9217176745426303,4.504346443132887,,,,,,,,,,,,,,,,,,,,,,,,,,,,,,,,,,,,,,,,
ID161213152328_48,1,BAT1007,BAT1007_PoGr,PoGr,1.8431919787418491,4.776760383562574,1.8431919787418491,4.826565681414137,0.9217173693668491,4.826565681414137,0.9217173693668491,4.776759773211012,,,,,,,,,,,,,,,,,,,,,,,,,,,,,,,,,,,,,,,,
ID161213152328_49,1,BAT1104,BAT1104_PoGr,PoGr,4.653918602277005,1.0926703414483165,4.308973228741849,1.0926700362725352,4.3212135241520055,0.6074628982110118,4.63067763548013,0.6074630507989025,,,,,,,,,,,,,,,,,,,,,,,,,,,,,,,,,,,,,,,,
ID161213152328_50,1,BAT1001,BAT1001_PoGr,PoGr,1.3242393420230991,5.208314948992262,1.3242338488590366,5.3077528152032,0.34166823606606783,5.305966316179762,0.34172499876138035,5.208314948992262,,,,,,,,,,,,,,,,,,,,,,,,,,,,,,,,,,,,,,,,
ID161213152328_50,1,BAT1001,BAT1001_PoGr,PoGr,1.3242338488590366,5.3077528152032,1.3242332385074742,5.319396491961012,0.33334365110513037,5.317593513445387,0.3359727404605991,5.3157117995781995,0.3386729357730991,5.313037239031324,0.3406303332340366,5.309410530046949,0.34166823606606783,5.305966316179762,,,,,,,,,,,,,,,,,,,,,,,,,,,,,,,,,,
ID161213152328_50,1,BAT1001,BAT1001_PoGr,PoGr,1.3242332385074742,5.319396491961012,1.3242326281559116,5.331248908953199,0.3272914050113803,5.329434333757887,0.3273115466129428,5.3175819167656995,0.33334365110513037,5.317593513445387,1.3242332385074742,5.319396491961012,,,,,,,,,,,,,,,,,,,,,,,,,,,,,,,,,,,,
ID161213152328_50,1,BAT1001,BAT1001_PoGr,PoGr,0.3114213488590366,5.352893806414137,0.3064666674625522,5.347872444109449,0.304233696271146,5.343447395281324,0.3047221301090366,5.339617439226637,0.3079321215641147,5.336383186296949,0.3138636706363803,5.333744636492262,0.3272914050113803,5.329434333757887,1.3242326281559116,5.331248908953199,1.3242311022770055,5.3547401198907,,,,,,,,,,,,,,,,,,,,,,,,,,,,,,
ID161213152328_50,1,BAT1001,BAT1001_PoGr,PoGr,0.8337936327945835,5.668052497820387,0.8002732775699741,5.730244270281324,0.797995903302396,5.734469123796949,0.22552886228677096,5.443922859148512,0.3946769640934116,5.443922859148512,,,,,,,,,,,,,,,,,,,,,,,,,,,,,,,,,,,,,,
ID161213152328_50,1,BAT1001,BAT1001_PoGr,PoGr,0.8450494311344272,5.647168708757887,0.8337936327945835,5.668052497820387,0.3946769640934116,5.443922859148512,0.44786086301919287,5.443922859148512,,,,,,,,,,,,,,,,,,,,,,,,,,,,,,,,,,,,,,,,
ID161213152328_50,1,BAT1001,BAT1001_PoGr,PoGr,0.8495805285465367,5.6387623366875745,0.8450494311344272,5.647168708757887,0.44786086301919287,5.443922859148512,0.4692704699527866,5.443922859148512,,,,,,,,,,,,,,,,,,,,,,,,,,,,,,,,,,,,,,,,
ID161213152328_50,1,BAT1001,BAT1001_PoGr,PoGr,0.9056874011051304,5.534568000750075,0.8495805285465367,5.6387623366875745,0.4692704699527866,5.443922859148512,0.7261289904605991,5.443922859148512,,,,,,,,,,,,,,,,,,,,,,,,,,,,,,,,,,,,,,,,
ID161213152328_50,1,BAT1001,BAT1001_PoGr,PoGr,0.22552886228677096,5.443922859148512,0.2236039660465366,5.443922859148512,0.2245896838199741,5.432858406023512,0.22713866453286471,5.422263923601637,0.23134856443520846,5.411940437273512,0.23755995969888033,5.399170661882887,0.2452409289371616,5.387971931414137,0.2543913195621616,5.378344856218824,0.2650108263980991,5.370288825945387,0.27709975462075537,5.363803840593825,0.29065810423013033,5.358889900164137,0.3114213488590366,5.352893806414137,0.3114213488590366,5.352893806414137,1.3242311022770055,5.3547401198907,1.3242262194645054,5.445920539812574,0.7261289904605991,5.443922859148512,0.4692704699527866,5.443922859148512,0.44786086301919287,5.443922859148512,0.3946769640934116,5.443922859148512,,,,,,,,,,
ID161213152328_51,1,BAT1037,BAT1037_PoGr,PoGr,1.1764106677066928,1.5574329909844493,1.4420194933902866,1.5574334487481212,1.4485200427066929,2.1528124770684336,1.160171196271146,2.1528118667168714,,,,,,,,,,,,,,,,,,,,,,,,,,,,,,,,,,,,,,,,
ID161213152328_51,1,BAT1037,BAT1037_PoGr,PoGr,1.160171196271146,2.1528118667168714,0.863800346661771,2.1528123244805433,0.8630201647770054,1.5574332961602306,1.1764106677066928,1.5574329909844493,,,,,,,,,,,,,,,,,,,,,,,,,,,,,,,,,,,,,,,,
ID161213152328_52,1,BAT1039,BAT1039_PoGr,PoGr,4.317989036847318,2.1668832168145276,4.053809959698881,2.1668832168145276,4.054563133527005,1.5757679519219494,4.325801231671536,1.5757679519219494,,,,,,,,,,,,,,,,,,,,,,,,,,,,,,,,,,,,,,,,
ID161213152328_52,1,BAT1039,BAT1039_PoGr,PoGr,4.593344871808255,2.1668832168145276,4.317989036847318,2.1668832168145276,4.325801231671536,1.5757679519219494,4.588428795148099,1.5757679519219494,,,,,,,,,,,,,,,,,,,,,,,,,,,,,,,,,,,,,,,,
ID161213152328_53,1,BAT1013,BAT1013_PoGr,PoGr,5.033012840558255,0.38569776149226187,5.044188072491849,0.3905998000664806,5.0557716296207555,0.39810163112116814,5.067371666241849,0.41799939723444934,5.071568138409818,0.4457931289239025,5.069298546124662,0.4692977675957775,5.061162864972318,0.49144338221980094,5.048180687237943,0.5040499648614025,5.030800926495756,0.5099694594903087,4.270366356183255,0.5099695357842541,4.249936058331693,0.5040499648614025,4.2314918444645055,0.487532020525465,4.223139183331693,0.46517392726374623,4.22212050657388,0.43873593898249624,4.228848717023099,0.41272992701960565,4.246566002179349,0.39435605616999625,4.268272239972318,0.38569760890437127,,,,,,,,,,,,,,
ID161213152328_53,1,BAT1013,BAT1013_PoGr,PoGr,5.070133201886381,0.37676831813288686,4.23963027219888,0.37676816554499626,4.23963027219888,0.12224820704890249,5.070133507062161,0.12224820704890249,,,,,,,,,,,,,,,,,,,,,,,,,,,,,,,,,,,,,,,,
ID161213152328_53,1,BAT1013,BAT1013_PoGr,PoGr,5.033012840558255,0.38569776149226187,4.268272239972318,0.38569760890437127,4.253644249249661,0.38569760890437127,4.23963027219888,0.37676816554499626,5.070133201886381,0.37676831813288686,5.05611953001138,0.38569776149226187,,,,,,,,,,,,,,,,,,,,,,,,,,,,,,,,,,,,
ID161213152328_53,1,BAT1013,BAT1013_PoGr,PoGr,4.270307762433255,0.54512113185359,5.0308537219059115,0.54512113185359,5.01247939329263,0.5595332107110119,4.99633925657388,0.5766393813653088,4.982689964581693,0.5961475905938244,4.9826338122379425,0.5962497481865978,4.976054832745755,0.6067108687920666,4.976283104230131,0.6067108687920666,4.329880211163724,0.6067107924981212,4.323467247296537,0.5961474380059337,4.30840224485513,0.5766393813653088,4.290587913800443,0.5595331344170665,,,,,,,,,,,,,,,,,,,,,,,,
ID161213152328_53,1,BAT1013,BAT1013_PoGr,PoGr,4.270366356183255,0.5099695357842541,5.030800926495756,0.5099694594903087,5.0308537219059115,0.54512113185359,4.270307762433255,0.54512113185359,,,,,,,,,,,,,,,,,,,,,,,,,,,,,,,,,,,,,,,,
ID161213152328_54,1,BAT1006,BAT1006_PoGr,PoGr,4.167474205304349,5.21483045192195,4.167473289777005,5.3399647292656995,2.7573670886051302,5.325647102312574,2.7573768542301305,5.213997322039137,,,,,,,,,,,,,,,,,,,,,,,,,,,,,,,,,,,,,,,,
ID161213152328_54,1,BAT1006,BAT1006_PoGr,PoGr,4.167472984601224,5.378977180437574,4.16747206907388,5.471336189226637,2.7573561022770052,5.457018562273512,2.757364036847318,5.364660163836012,,,,,,,,,,,,,,,,,,,,,,,,,,,,,,,,,,,,,,,,
ID161213152328_54,1,BAT1006,BAT1006_PoGr,PoGr,4.167472984601224,5.3524635085625745,4.167472984601224,5.378977180437574,2.757364036847318,5.364660163836012,2.7573661730777865,5.338145881609449,,,,,,,,,,,,,,,,,,,,,,,,,,,,,,,,,,,,,,,,
ID161213152328_54,1,BAT1006,BAT1006_PoGr,PoGr,4.167473289777005,5.3399647292656995,4.167472984601224,5.3524635085625745,2.7573661730777865,5.338145881609449,2.7573670886051302,5.325647102312574,,,,,,,,,,,,,,,,,,,,,,,,,,,,,,,,,,,,,,,,
ID161213152328_54,1,BAT1006,BAT1006_PoGr,PoGr,4.167473289777005,5.3399647292656995,4.167473289777005,5.3399647292656995,2.7573670886051302,5.325647102312574,2.7573670886051302,5.325647102312574,,,,,,,,,,,,,,,,,,,,,,,,,,,,,,,,,,,,,,,,
ID161213152328_55,1,BAT1040,BAT1040_PoGr,PoGr,1.2076341174137242,0.38990705104304313,1.234506676007474,0.3965263137383556,1.2539028857242709,0.4076783523125744,1.2671250842105992,0.4270560988946056,1.2687394640934115,0.46355634303523063,1.2595284960758335,0.48698445887995717,1.238558647443021,0.5053507003350353,1.2034022448551303,0.5127062758965587,0.5291903613102085,0.5127062758965587,0.5049012682926304,0.5086855086846447,0.48534072141763035,0.49322812648249625,0.47475539426919283,0.47206227870417594,0.47592925291177096,0.4213883742852306,0.48573928098794283,0.4076783523125744,0.5021848986637241,0.3965263137383556,0.5212583849918491,0.3901974257989025,,,,,,,,,,,,,,,,
ID161213152328_55,1,BAT1040,BAT1040_PoGr,PoGr,1.2742233202945834,0.3775831374688244,0.45898070554848974,0.3775831374688244,0.45898070554848974,0.12241132350398061,1.2742233202945834,0.12241132350398061,,,,,,,,,,,,,,,,,,,,,,,,,,,,,,,,,,,,,,,,
ID161213152328_55,1,BAT1040,BAT1040_PoGr,PoGr,1.2076341174137242,0.38990705104304313,0.5212583849918491,0.3901974257989025,0.5219674609195835,0.390141883806715,0.4920243762027866,0.390141883806715,0.45898070554848974,0.3775831374688244,1.2742233202945834,0.3775831374688244,1.2411799548160678,0.390141883806715,,,,,,,,,,,,,,,,,,,,,,,,,,,,,,,,,,
ID161213152328_55,1,BAT1040,BAT1040_PoGr,PoGr,0.5291905138980991,0.5495489272637463,1.2034022448551303,0.5495489272637463,1.1803913805973179,0.5640109023614025,1.1660340807926304,0.5810828933281994,1.156992027569974,0.6016068801446056,0.5727989123355991,0.6016069564385509,0.5660162280094272,0.5849447402520275,0.5564503405582554,0.5703586349053478,0.5440359423648959,0.5583821639580822,,,,,,,,,,,,,,,,,,,,,,,,,,,,,,
ID161213152328_55,1,BAT1040,BAT1040_PoGr,PoGr,0.5291903613102085,0.5127062758965587,1.2034022448551303,0.5127062758965587,1.2034022448551303,0.5495489272637463,0.5291905138980991,0.5495489272637463,,,,,,,,,,,,,,,,,,,,,,,,,,,,,,,,,,,,,,,,
ID161213152328_56,1,BAT1111,BAT1111_PoGr,PoGr,1.325118706036771,5.208339973406324,2.7569435046207555,5.214948249773512,2.7569349596988806,5.329910407976637,1.3251182482730992,5.318220344500075,,,,,,,,,,,,,,,,,,,,,,,,,,,,,,,,,,,,,,,,
ID161213152328_56,1,BAT1111,BAT1111_PoGr,PoGr,1.325117943097318,5.44542127223445,1.3251182482730992,5.354324470476637,2.756932213116849,5.366015144304762,2.7569254992496615,5.457111946062574,,,,,,,,,,,,,,,,,,,,,,,,,,,,,,,,,,,,,,,,
ID161213152328_56,1,BAT1111,BAT1111_PoGr,PoGr,1.3251182482730992,5.330611091570387,2.7569337389957553,5.3423011550469495,2.756932213116849,5.366015144304762,1.3251182482730992,5.354324470476637,,,,,,,,,,,,,,,,,,,,,,,,,,,,,,,,,,,,,,,,
ID161213152328_56,1,BAT1111,BAT1111_PoGr,PoGr,1.3251182482730992,5.330611091570387,1.3251184008609898,5.318220344500075,2.756934654523099,5.329910407976637,2.7569337389957553,5.3423011550469495,,,,,,,,,,,,,,,,,,,,,,,,,,,,,,,,,,,,,,,,
ID161213152328_56,1,BAT1111,BAT1111_PoGr,PoGr,1.3251182482730992,5.318220344500075,1.3251184008609898,5.318220344500075,2.756934654523099,5.329910407976637,2.7569349596988806,5.329910407976637,,,,,,,,,,,,,,,,,,,,,,,,,,,,,,,,,,,,,,,,
ID161213152328_57,1,bat1032,bat1032_PoGr,PoGr,3.337691490460599,6.304997688250075,3.2872477648746616,6.204257942156325,3.8700950549137243,5.912406745867262,3.920539085675443,6.013146491961012,,,,,,,,,,,,,,,,,,,,,,,,,,,,,,,,,,,,,,,,
ID161213152328_57,1,bat1032,bat1032_PoGr,PoGr,3.920539085675443,6.013146491961012,3.9244483874332556,6.020954109148512,3.3416007922184114,6.312805305437575,3.337691490460599,6.304997688250075,,,,,,,,,,,,,,,,,,,,,,,,,,,,,,,,,,,,,,,,
ID161213152328_57,1,bat1032,bat1032_PoGr,PoGr,3.354893638898099,6.33935193629695,3.3416007922184114,6.312805305437575,3.9244483874332556,6.020954109148512,3.9377412341129427,6.047500740007887,,,,,,,,,,,,,,,,,,,,,,,,,,,,,,,,,,,,,,,,
ID161213152328_57,1,bat1032,bat1032_PoGr,PoGr,3.3957191393863804,6.420883308367262,3.354893638898099,6.33935193629695,3.9377412341129427,6.047500740007887,3.978566429425443,6.1290321120782,,,,,,,,,,,,,,,,,,,,,,,,,,,,,,,,,,,,,,,,
ID161213152328_58,1,BAT1038,BAT1038_PoGr,PoGr,1.6914912341129429,5.075381599382887,1.6914910815250523,5.105251594500074,0.6468771288883335,5.105250984148512,0.6468769763004428,5.075380378679762,,,,,,,,,,,,,,,,,,,,,,,,,,,,,,,,,,,,,,,,
ID161213152328_58,1,BAT1038,BAT1038_PoGr,PoGr,1.6914915392887242,4.82864881129695,1.6914912341129429,5.07538220973445,1.6914912341129429,5.075381599382887,0.6468769763004428,5.075380378679762,0.6468769763004428,5.075380989031324,0.6468772814762241,4.828647590593825,,,,,,,,,,,,,,,,,,,,,,,,,,,,,,,,,,,,
ID161213152328_59,1,BAT1043,BAT1043_PoGr,PoGr,4.336645653058255,2.7636523208184336,4.650043785382474,2.7636520156426525,4.65003554563638,3.168660865740309,4.350863792706693,3.168660865740309,,,,,,,,,,,,,,,,,,,,,,,,,,,,,,,,,,,,,,,,
ID161213152328_60,1,bat1031,bat1031_PoGr,PoGr,1.1756373522770054,1.555878425554762,0.5541549609195835,1.555878425554762,0.5541549609195835,1.0827443465752697,1.1756373522770054,1.0827443465752697,,,,,,,,,,,,,,,,,,,,,,,,,,,,,,,,,,,,,,,,
ID161213152328_61,1,BAT1042_alternativ,BAT1042_alternativ_PoGr,PoGr,4.966623680402005,5.190707527117262,4.967360985089505,5.193319831804762,3.6761341784488804,5.193319831804762,3.6761341784488804,5.102673469500075,4.845671531964506,5.1026728591485115,4.849080955792631,5.114337287859449,4.852534019757474,5.123658576921949,4.858271934796536,5.133028694109449,4.86918593626138,5.142251716570387,4.880976707745756,5.147278572039137,4.892209923077787,5.149614387468825,4.903598167706693,5.150958991961012,4.917349693585599,5.152699714617262,4.92942275266763,5.155302253679762,4.939578392316068,5.158801399187574,4.948964073468412,5.163742195086012,4.956824180890287,5.170344367937575,4.96441298704263,5.183659797625075,,,,,,,,,,,,
ID161213152328_61,1,BAT1042_alternativ,BAT1042_alternativ_PoGr,PoGr,3.6761341784488804,5.2144520339532,3.6761341784488804,5.193319831804762,4.97983290891763,5.193319831804762,4.97983290891763,5.2144520339532,,,,,,,,,,,,,,,,,,,,,,,,,,,,,,,,,,,,,,,,
ID161213152328_62,1,BAT1015,BAT1015_PoGr,PoGr,3.6760218737613806,4.700436531023512,3.6760218737613806,4.764231697039137,1.8453903124820834,4.764229255632887,1.8453904650699742,4.700434089617262,,,,,,,,,,,,,,,,,,,,,,,,,,,,,,,,,,,,,,,,
ID161213152328_62,1,BAT1015,BAT1015_PoGr,PoGr,3.6760218737613806,4.50129041285945,3.6760218737613806,4.700436531023512,1.8453904650699742,4.700434089617262,1.8453907702457553,4.501287971453199,,,,,,,,,,,,,,,,,,,,,,,,,,,,,,,,,,,,,,,,
ID161213152328_62,1,BAT1015,BAT1015_PoGr,PoGr,3.6760218737613806,4.764231697039137,3.676021568585599,4.827459236101637,1.8453904650699742,4.827456794695387,1.8453903124820834,4.764229255632887,,,,,,,,,,,,,,,,,,,,,,,,,,,,,,,,,,,,,,,,
ID161213152328_63,1,BAT1041,BAT1041_PoGr,PoGr,4.575170433331693,5.723530403093824,4.6163270495426305,5.805723396257887,3.977914573956693,6.12539685817195,3.936757957745755,6.04320447535945,,,,,,,,,,,,,,,,,,,,,,,,,,,,,,,,,,,,,,,,
ID161213152328_63,1,BAT1041,BAT1041_PoGr,PoGr,4.5635990832340365,5.700421882586012,4.575170433331693,5.723530403093824,3.936757957745755,6.04320447535945,3.925186607648099,6.020095344500074,,,,,,,,,,,,,,,,,,,,,,,,,,,,,,,,,,,,,,,,
ID161213152328_63,1,BAT1041,BAT1041_PoGr,PoGr,4.558306419659818,5.689851814226637,4.5635990832340365,5.700421882586012,3.925186607648099,6.020095344500074,3.9198939440738805,6.009525886492262,,,,,,,,,,,,,,,,,,,,,,,,,,,,,,,,,,,,,,,,
ID161213152328_63,1,BAT1041,BAT1041_PoGr,PoGr,4.509366905499662,5.592116218523512,4.558306419659818,5.689851814226637,3.9198939440738805,6.009525886492262,3.870954124737943,5.9117896804375745,,,,,,,,,,,,,,,,,,,,,,,,,,,,,,,,,,,,,,,,
ID161213152328_64,1,BAT1020,BAT1020_PoGr,PoGr,4.350656273175443,3.169578834490309,4.893801719952787,3.169578834490309,4.8854331896793495,3.6250750503106213,4.359001915265287,3.6250753554864024,4.3591682360660675,3.6250753554864024,,,,,,,,,,,,,,,,,,,,,,,,,,,,,,,,,,,,,,
ID161213152328_65,1,BAT1126_M,BAT1126_M_PoGr,PoGr,1.5869183276188021,5.883167243914137,1.525304710675443,5.998922859148512,0.8501655505191928,5.6395643386406995,0.9076472399723179,5.531572395281325,,,,,,,,,,,,,,,,,,,,,,,,,,,,,,,,,,,,,,,,
ID161213152328_65,1,BAT1126_M,BAT1126_M_PoGr,PoGr,1.5212434313785679,6.006552864031325,0.8461045763980991,5.647194953875075,0.8501655505191928,5.6395643386406995,1.525304710675443,5.998922859148512,,,,,,,,,,,,,,,,,,,,,,,,,,,,,,,,,,,,,,,,
ID161213152328_65,1,BAT1126_M,BAT1126_M_PoGr,PoGr,1.5212434313785679,6.006552864031325,1.5089952013980992,6.029564948992262,0.8338558886539584,5.670205818132887,0.8461045763980991,5.647194953875075,,,,,,,,,,,,,,,,,,,,,,,,,,,,,,,,,,,,,,,,
ID161213152328_65,1,BAT1126_M,BAT1126_M_PoGr,PoGr,1.5089952013980992,6.029564948992262,1.4713119433414585,6.100361457781324,0.7961727831852085,5.741002937273512,0.8338558886539584,5.670205818132887,,,,,,,,,,,,,,,,,,,,,,,,,,,,,,,,,,,,,,,,
ID161213152328_67,1,bat1030,bat1030_PoGr,PoGr,0.8716355822574741,4.1328881606621835,0.6325422595035678,4.1328881606621835,0.6114434741031772,3.6062695083184337,0.8579295275699741,3.6062695083184337,,,,,,,,,,,,,,,,,,,,,,,,,,,,,,,,,,,,,,,,
ID161213152328_67,1,bat1030,bat1030_PoGr,PoGr,0.6325422595035678,4.1328881606621835,0.26468184690591157,4.1328881606621835,0.2646819994938022,3.6062695083184337,0.6114434741031772,3.6062695083184337,,,,,,,,,,,,,,,,,,,,,,,,,,,,,,,,,,,,,,,,
ID161213152328_68,1,X20,X20_PoGr,PoGr,4.824348594952787,4.506610847429762,4.824348594952787,4.470639778093824,5.326700584698881,4.470639778093824,5.328442528058256,4.470537849382887,5.328442528058256,4.506610847429762,,,,,,,,,,,,,,,,,,,,,,,,,,,,,,,,,,,,,,
ID161213152328_68,1,X20,X20_PoGr,PoGr,5.303571312237944,4.4543494948907,5.305466453839506,4.458876472429762,5.308368065167631,4.462909675554762,5.312180321027006,4.4662769851250745,5.316646873761381,4.468744636492262,5.321547996808256,4.470216804461012,5.326700584698881,4.470639778093824,4.824348594952787,4.470639778093824,4.824348594952787,4.449491706804762,5.302765648175444,4.449491706804762,,,,,,,,,,,,,,,,,,,,,,,,,,,,
ID161213152328_68,1,X20,X20_PoGr,PoGr,5.302765648175444,4.395312019304762,5.302765648175444,4.449491706804762,4.824348594952787,4.449491706804762,4.824348594952787,4.395312629656324,4.824348594952787,4.317034431414137,5.222865745831694,4.317034431414137,5.236363670636381,4.321917243914137,5.249503319073881,4.3277967605156995,5.261877586652006,4.335485359148512,5.272539818097319,4.344646125750074,5.281501610089506,4.35562635035945,5.287860863019193,4.368308235125075,5.291527244855131,4.3824207839532,5.293526146222319,4.395312019304762,,,,,,,,,,,,,,,,,,,,
ID161213152328_68,1,X20,X20_PoGr,PoGr,5.190570213605131,4.197639137224684,5.190570823956693,4.295266700701246,4.824348594952787,4.295266700701246,4.824348594952787,4.197639137224684,,,,,,,,,,,,,,,,,,,,,,,,,,,,,,,,,,,,,,,,
ID161213152328_68,1,X20,X20_PoGr,PoGr,5.213832542706694,4.168303810076246,5.224586326886381,4.17000150294734,5.232588035870756,4.174146705584059,5.236694481183256,4.180945411638747,5.236080467511381,4.188078895525465,5.232373192120756,4.193830848650465,5.225310203839506,4.1965719375176525,5.2154133532535685,4.197639137224684,5.190570213605131,4.197639137224684,4.824348594952787,4.197639137224684,4.824348594952787,4.168303810076246,,,,,,,,,,,,,,,,,,,,,,,,,,
ID161213152328_68,1,X20,X20_PoGr,PoGr,5.213832542706694,4.157776466326246,5.213832542706694,4.168303810076246,4.824348594952787,4.168303810076246,4.824348594952787,4.157776466326246,,,,,,,,,,,,,,,,,,,,,,,,,,,,,,,,,,,,,,,,
ID161213152328_68,1,X20,X20_PoGr,PoGr,5.190544578839506,4.135286842302809,5.193185570050444,4.1390661391778085,5.197861473370756,4.146039710955153,5.205889427472319,4.153162818865309,5.213832542706694,4.157776466326246,4.824348594952787,4.157776466326246,4.824348594952787,4.135286842302809,,,,,,,,,,,,,,,,,,,,,,,,,,,,,,,,,,
ID161213152328_68,1,X20,X20_PoGr,PoGr,5.222865745831694,4.317034431414137,4.824348594952787,4.317034431414137,4.824348594952787,4.295266700701246,5.190570823956693,4.295266700701246,5.222865745831694,4.295266700701246,,,,,,,,,,,,,,,,,,,,,,,,,,,,,,,,,,,,,,
ID161213152328_69,1,BAT1052,BAT1052_PoGr,PoGr,4.926090233136381,2.169401222185621,4.909001610089505,2.7623153457207774,4.337994835187161,2.762315650896559,4.315628197003568,2.1694015273614027,,,,,,,,,,,,,,,,,,,,,,,,,,,,,,,,,,,,,,,,
ID161213152328_70,1,BAT1082_alternativ,BAT1082_alternativ_PoGr,PoGr,4.672818138409818,0.6074628982110118,4.0510264513981,0.6074628982110118,4.0510264513981,0.33910077662898064,4.672818138409818,0.33910077662898064,,,,,,,,,,,,,,,,,,,,,,,,,,,,,,,,,,,,,,,,
ID161213152328_70,1,BAT1082_alternativ,BAT1082_alternativ_PoGr,PoGr,4.672818138409818,0.29250547023249623,4.005971214581693,0.29250547023249623,4.005970909405912,0.12264478297663686,4.672818138409818,0.12264478297663686,,,,,,,,,,,,,,,,,,,,,,,,,,,,,,,,,,,,,,,,
ID161213152328_70,1,BAT1082_alternativ,BAT1082_alternativ_PoGr,PoGr,4.672818138409818,0.33910077662898064,4.0510264513981,0.33910077662898064,4.044759056378568,0.3213311538262462,4.028670189191068,0.3028111037774181,4.005971214581693,0.29250547023249623,4.672818138409818,0.29250547023249623,,,,,,,,,,,,,,,,,,,,,,,,,,,,,,,,,,,,
ID161213152328_71,1,BAT1050,BAT1050_PoGr,PoGr,4.92787978391763,2.1677911147637463,4.59332411985513,2.167791267351637,4.59332381467935,1.5753053054375743,4.927879173566068,1.5753051528496838,,,,,,,,,,,,,,,,,,,,,,,,,,,,,,,,,,,,,,,,
ID161213152328_71,1,BAT1050,BAT1050_PoGr,PoGr,5.219134666730131,2.167790809587965,4.92787978391763,2.1677911147637463,4.927879173566068,1.5753051528496838,5.219134056378569,1.575304695086012,,,,,,,,,,,,,,,,,,,,,,,,,,,,,,,,,,,,,,,,
ID161213152328_72,1,BAT1054,BAT1054_PoGr,PoGr,1.5347587512027867,5.985043464617262,1.588934166241849,5.885316291765699,2.1185331652652866,6.173012824968825,2.0643575976383337,6.27274060817195,,,,,,,,,,,,,,,,,,,,,,,,,,,,,,,,,,,,,,,,
ID161213152328_72,1,BAT1054,BAT1054_PoGr,PoGr,1.5305506823551305,5.99278943629695,1.5347587512027867,5.985043464617262,2.0643575976383337,6.27274060817195,2.0601498339664586,6.2804859695000745,,,,,,,,,,,,,,,,,,,,,,,,,,,,,,,,,,,,,,,,
ID161213152328_72,1,BAT1054,BAT1054_PoGr,PoGr,1.5165429614078647,6.01857556910945,1.5305506823551305,5.99278943629695,2.0601498339664586,6.2804859695000745,2.0461418078434117,6.306272102312574,,,,,,,,,,,,,,,,,,,,,,,,,,,,,,,,,,,,,,,,
ID161213152328_72,1,BAT1054,BAT1054_PoGr,PoGr,1.4718774340641148,6.100796638445387,1.5165429614078647,6.01857556910945,2.0461418078434117,6.306272102312574,2.0014762804996615,6.388493782000075,,,,,,,,,,,,,,,,,,,,,,,,,,,,,,,,,,,,,,,,
ID161213152328_73,1,BAT1057,BAT1057_PoGr,PoGr,1.1404374621402866,2.7577157363457774,0.5667184374820835,2.757716041521559,0.553096000958646,2.153205848650465,1.1568165514957554,2.1532055434746837,,,,,,,,,,,,,,,,,,,,,,,,,,,,,,,,,,,,,,,,
ID161213152328_74,1,BAT1061,BAT1061_PoGr,PoGr,4.327736961652006,1.0915959701104259,4.0510264513981,1.0915959701104259,4.05102675657388,0.6074628219170666,4.327737572003568,0.6074629745049572,,,,,,,,,,,,,,,,,,,,,,,,,,,,,,,,,,,,,,,,
ID161213152328_75,1,BAT1044,BAT1044_PoGr,PoGr,3.338943626691068,6.311743293718824,3.342945091534818,6.319735237078199,2.9377699206363803,6.522619758562574,2.9337684557926305,6.514628425554762,,,,,,,,,,,,,,,,,,,,,,,,,,,,,,,,,,,,,,,,
ID161213152328_75,1,BAT1044,BAT1044_PoGr,PoGr,2.8804490588199743,6.40814588160945,3.2856242297184117,6.205261360125075,3.338943626691068,6.311743293718824,2.9337684557926305,6.514628425554762,,,,,,,,,,,,,,,,,,,,,,,,,,,,,,,,,,,,,,,,
ID161213152328_75,1,BAT1044,BAT1044_PoGr,PoGr,3.342945091534818,6.319735237078199,3.3550355456363805,6.3438807448907,2.949860679913724,6.546765876726637,2.9377699206363803,6.522619758562574,,,,,,,,,,,,,,,,,,,,,,,,,,,,,,,,,,,,,,,,
ID161213152328_75,1,BAT1044,BAT1044_PoGr,PoGr,3.3550355456363805,6.3438807448907,3.395316917706693,6.424325691179762,2.9901420519840367,6.627210212664137,2.949860679913724,6.546765876726637,,,,,,,,,,,,,,,,,,,,,,,,,,,,,,,,,,,,,,,,
ID161213152328_76,1,BAT1056,BAT1056_PoGr,PoGr,3.9348771594059118,5.065117317156324,3.934877464581693,5.1038020095391365,2.740955345441068,5.103803230242262,2.740955345441068,5.065117317156324,,,,,,,,,,,,,,,,,,,,,,,,,,,,,,,,,,,,,,,,
ID161213152328_76,1,BAT1056,BAT1056_PoGr,PoGr,3.9348768542301302,4.827299323992262,3.9348771594059118,5.065117317156324,2.740955345441068,5.065117317156324,2.7409550402652867,4.827300544695387,,,,,,,,,,,,,,,,,,,,,,,,,,,,,,,,,,,,,,,,
ID161213152328_86,1,BAT1018,BAT1018_PoGr,PoGr,1.525957329083646,2.752147804216871,1.526557457257474,2.7863238296074964,1.5279139636051304,2.8204595717949963,1.530023491193021,2.85454251857234,1.5328846667301304,2.8885601577324964,1.5364955065738803,2.922500587419996,1.5408564684879429,2.9563509902520275,1.5459635851871616,2.9900985488457774,1.551815025616849,3.023731666521559,1.5584120104801304,3.0572363051934337,1.5657507250797398,3.0906011733574963,1.5738307116520054,3.1238140639824965,1.1569340441715366,3.239605079607496,1.1471623156559116,3.1963714370293714,1.1382151721012241,3.1529778823418715,1.130093834210599,3.109436012224684,1.122798607159818,3.0657586440606215,1.1163323901188023,3.0219564590020274,1.1106971667301304,2.9780413589043713,1.1058932421695835,2.934026161150465,1.101922905255521,2.8899218520684338,1.098786918927396,2.845740333513746,1.0964878771793491,2.8014935073418714,1.095025932599271,2.7571932754082775
ID161213152328_81,1,BAT1003,BAT1003_PoGr,PoGr,4.005000145245756,2.769548622087965,4.430481712628568,2.7703991469903086,4.42790908079263,2.814668250994215,4.424634544659818,2.858877235369215,4.420658714581693,2.9030181655449963,4.415982506085599,2.9470824965996836,4.410607445050443,2.9910625991387465,4.404534447003568,3.0349499282403087,4.397765037823881,3.0787371596856214,4.390300133038724,3.122415748552809,4.382140342999661,3.1659771499199962,4.3732871935855995,3.2094146499199963,4.363742210675443,3.25271878810359,3.9503843615543492,3.1371200332207776,3.958815452862943,3.1043029555840587,3.9665577624332555,3.0713329848809336,3.9736103747379428,3.0382220229668713,3.9799717638980994,3.004980750994215,3.985639488507474,2.9716195449395277,3.990612633038724,2.938149696306715,3.9948896716129427,2.9045818862481214,3.9984681628238805,2.8709271010918713,4.001347191144193,2.8371960219903087,4.0035249255191925,2.8033996352715587
ID161213152328_80,1,X18,X18_PoGr,PoGr,3.9509034655582553,3.1400665053887464,4.3846766589176305,3.265648170427809,4.371941368390287,3.3074444350762464,4.358659508038724,3.34906156154109,4.344833519269193,3.390493446306715,4.330464317609037,3.43173490138484,4.315554954816068,3.4727813491387463,4.30010634641763,3.5136266860528087,4.2841212389957555,3.554266334490309,4.267602073956693,3.594694190935621,4.250550072003568,3.63490628810359,4.232966759015286,3.674896217302809,4.214855491925443,3.7146594008965588,3.8293238757145054,3.4623797378106214,3.8437037585270053,3.43442044825984,3.8574299548160678,3.4061626967949965,3.870497886944974,3.3776159438653086,3.8829041979801304,3.3487911757989024,3.894645530987943,3.319697853044996,3.9057173083316927,3.2903460464043714,3.9161158679020054,3.26074613185359,3.925837852765287,3.230907569841871,3.934878990460599,3.2008416518731213,3.9432353137027865,3.170557838396559
ID161213152328_79,1,BAT1004,BAT1004_PoGr,PoGr,3.8989256213199743,4.033801246599684,3.8669569323551305,4.064613014177809,3.586821129132474,3.7393938979668713,3.612011253644193,3.7167330703301524,3.636712181378568,3.6935641250176525,3.6609171984684115,3.6698956069512465,3.6846183703434114,3.6457354507012463,3.707808372784818,3.621091896013746,3.7304801867496615,3.595972877459059,3.752626488019193,3.5703869399590586,3.7742393420230993,3.544342018084059,3.795312034894193,3.5178466567559337,3.815836937237943,3.490908485369215,3.835806419659818,3.4635357436699965,4.1930696032535675,3.7019262465996836,4.165815880109037,3.736978736834059,4.138069908429349,3.7716308364434337,4.109835655499662,3.8058770522637464,4.081117698956693,3.8397125014824964,4.051921531964505,3.8731316909356215,4.022251121808256,3.9061297378106214,3.992111656476224,3.9387005385918714,3.96150771360513,3.970839820818434,3.930444176007474,4.002541786150465
ID161213152328_77,1,BAT1090,BAT1090_PoGr,PoGr,3.502739097882474,4.313840461687574,3.4638975451480993,4.333946052507887,3.2825233386051305,3.945801368669996,3.3125602648746617,3.93105374904109,3.3422389147770053,3.915639625505934,3.3715486071598177,3.899566627459059,3.4004786608707556,3.882840553240309,3.4290177844059118,3.865468727068434,3.4571559069645055,3.8474584731621837,3.4848817370426306,3.828815895037184,3.5121845934879428,3.809548316912184,3.5390541003238805,3.789662452654371,3.565479271222318,3.769165321306715,3.5914491198551306,3.748063941912184,3.8681642077457554,4.075182472185621,3.833642113019193,4.102036109880934,3.798646080304349,4.128241554216872,3.763185875226224,4.15379300685359,3.7272703478824742,4.178684059099684,3.690908958722318,4.202909522966872,3.6541108630191927,4.226463600115308,3.616885826398099,4.249339271502028,3.579242698956693,4.271531349138747,3.5411906359684115,4.293033424334059
ID161213152328_78,1,X3,X3_PoGr,PoGr,3.424776146222318,4.33832654567195,3.3858448718082554,4.35439588160945,3.3466346667301305,4.369735847429762,3.3071565173160677,4.384342781023512,3.267419273663724,4.39821424098445,3.2274342272770054,4.4113465652032,3.187210533429349,4.4237354812188245,3.146758568097318,4.435378547625074,3.106088402081693,4.446272712664137,3.0652104113590366,4.456413703875074,3.0241343615543492,4.465799690203199,2.9468382189762243,4.056046119646559,2.9784129260074743,4.049540992693434,3.009811241437162,4.042321449236402,3.0410215685855992,4.034390541033278,3.0720317004215367,4.025751930193434,3.1028300402652866,4.016410499529371,3.133405296612943,4.00636869044734,3.1637455676090367,3.99563138575984,3.1938392565738805,3.9842022475762464,3.2236744616520054,3.972084938005934,3.253239586163724,3.9592831191582776,3.2825230334293494,3.945801368669996,3.4634184191715365,4.321530891375074
ID161213152328_7,1,X8,X8_PoGr,PoGr,2.932774193097318,3.991699806169996,3.0241343615543492,4.465799079851637,3.000525352765287,4.473412605242262,2.9528068469059114,4.4868934402031995,2.904494468976224,4.498029304461012,2.855675804425443,4.506799446062574,2.806487572003568,4.513177619890699,2.757067405987943,4.517146736101637,2.7075056384098177,4.518701911882887,2.6579045031559114,4.517836433367262,2.608427269269193,4.514553962664137,2.559175560284818,4.508863044695387,2.5102398608219274,4.500773445086012,2.595574180890287,3.9969036635918713,2.6241435168277865,4.001053443865309,2.676531822491849,4.006354957537184,2.7412998888980993,4.009427162127028,2.8057829211246617,4.007517066912184,2.8633009264957554,4.002570777849684,2.9082395861637242,3.996690650896559,,,,,,,,
ID161213152328_82,1,BAT1075,BAT1075_PoGr,PoGr,2.2600591967594275,3.983535133318434,2.2912008593570836,3.9975665053887464,2.3226254199039587,4.010917335466871,2.3543214343082552,4.023583961443434,2.3862777636539585,4.035562416033278,2.418482963849271,4.046848731951246,2.4509257433902865,4.057438636736403,2.4835949633609897,4.067328468279372,2.5164791796695836,4.076514259294997,2.5495671008121614,4.084992042498121,2.582847740460599,4.0927575454278085,2.5053126452457555,4.522622199968825,2.453992149640287,4.507200447039137,2.4108357165348178,4.49412732692195,2.367825004864896,4.480592170671949,2.324963676739896,4.466597419695387,2.2822563097965367,4.452143684343825,2.2397070239078647,4.437232185320387,2.197319786359037,4.421864753679762,2.1550987170230993,4.4060438308281995,2.1130480883609897,4.389768806414137,2.071171715069974,4.373042732195387,2.0315388415348177,4.356590095476637,2.2292114184391147,3.9688274917168713
ID161213152328_83,1,BAT1010,BAT1010_PoGr,PoGr,1.7382934496891147,4.150367408709059,1.704648735333646,4.122310768084059,1.6715975878727085,4.093530250505934,1.6391522143375523,4.064035316423903,1.9339039538395053,3.7585302505059337,1.9592460558902867,3.7804513320489024,1.9849418566715367,3.8019491347832775,2.0109843371402865,3.8230199965996836,2.037367241193021,3.843659645037184,2.064083092023099,3.863864417986403,2.09112441282388,3.8836303481621837,2.1184852526676305,3.9029534682793714,2.146157982159818,3.9218298110528087,2.1741357348453647,3.940255714373121,2.202411644269193,3.95822660060359,2.2309786913883336,3.975739112810621,2.027370598126615,4.347713142351637,1.989411918927396,4.325763069109449,1.9519503710758335,4.303018470720778,1.9149977038395054,4.279488502459059,1.8785662768375522,4.25518216700984,1.842668297101224,4.230108009294996,1.8073152087223179,4.204275184587965,1.7725195239078648,4.17769193263484
ID161213152328_84,1,BAT1078,BAT1078_PoGr,PoGr,1.913318931866849,3.733673683123121,1.9371162341129429,3.7581841811699963,1.6336817858707553,4.0679708632989025,1.6036799548160678,4.034961830095778,1.5741703722965366,4.001527076677808,1.5451571581852086,3.9676730117364025,1.5166451952945834,3.933403602556715,1.4886384509098178,3.8987249526543715,1.461140434552396,3.8636431655449965,1.4341566393863803,3.8281628188653087,1.4076905749332553,3.792290016130934,1.3817468188297397,3.756029640154371,1.3563294909488803,3.7193877944512463,1.331443168927396,3.6823693618340587,1.7060070727359897,3.4633309707207776,1.7241233752262242,3.4922942885918715,1.7428398058902865,3.520853248552809,1.7621488879215366,3.548998390154371,1.7820440600406773,3.5767205581231214,1.802517845441068,3.6040115127129653,1.823563072491849,3.6308617934746836,1.8451730273258335,3.6572619399590587,1.8673405383121615,3.683203102068434,1.8900581286441929,3.708676734880934
ID161213152328_85,1,BAT1008,BAT1008_PoGr,PoGr,1.6375472949039585,3.3139922866387463,1.6511540148746615,3.3446371230645275,1.6654157946598178,3.374988990740309,1.680328209210599,3.4050372085137464,1.695886528302396,3.4347714004082777,1.7120866320621617,3.4641802749199964,1.3425135729801303,3.680408912615309,1.3229252551090367,3.641153541521559,1.3038568041813023,3.6016525039239027,1.2853114245426303,3.5619109878106214,1.2672904894840367,3.5219335708184336,1.2497962878238804,3.481726661638746,1.2328309557926305,3.4412945327324964,1.2163969347965367,3.4006426772637464,1.2004960558902866,3.3597759780449965,1.1851306078922397,3.3186999282403087,1.1703031847965366,3.277419715837965,1.1560153124820836,3.235940528826246,1.5699121020328648,3.1245660171074965,1.5794952319156772,3.156744972185621,1.5897596667301304,3.1886950454278087,1.6007017443668492,3.2204055556817153,1.6123167346012242,3.2518658217949965,1.6246000597965367,3.2830645522637463
